"ID","Handle","Command","Title","Is Default","Top Row","Row #","Menu Item: ID","Menu Item: Title","Menu Item: Command","Menu Item: Resource Type","Menu Item: Resource ID","Menu Item: Resource Handle","Menu Item: Collection Tags","Menu Item: URL","Menu Item: Parent ID","Menu Item: Parent Title","Menu Item: Position"
"69493325920","main-menu","MERGE","Main menu","true","true","1","151536369760","HEX®","MERGE","COLLECTION","93993271392","hex","","/collections/hex","","","1"
"69493325920","main-menu","MERGE","Main menu","true","","2","432418619555","Browse All HEX®","MERGE","COLLECTION","93993271392","hex","","/collections/hex","151536369760","HEX®","1"
"69493325920","main-menu","MERGE","Main menu","true","","3","431627272355","HEX® Padded Leg Sleeves","MERGE","COLLECTION","291790192803","hex-padded-leg-sleeves","","/collections/hex-padded-leg-sleeves","151536369760","HEX®","2"
"69493325920","main-menu","MERGE","Main menu","true","","4","431627305123","HEX® Padded Arm Sleeves","MERGE","COLLECTION","291790225571","hex-padded-arm-sleeves","","/collections/hex-padded-arm-sleeves","151536369760","HEX®","3"
"69493325920","main-menu","MERGE","Main menu","true","","5","431627337891","HEX® Padded Tops","MERGE","COLLECTION","291790258339","hex-padded-tops","","/collections/hex-padded-tops","151536369760","HEX®","4"
"69493325920","main-menu","MERGE","Main menu","true","","6","463954903203","HEX® Padded Bottoms","MERGE","COLLECTION","293569265827","hex-padded-bottoms","","/collections/hex-padded-bottoms","151536369760","HEX®","5"
"69493325920","main-menu","MERGE","Main menu","true","","7","465799610531","Infused Therapy","MERGE","HTTP","","","","#","","","2"
"69493325920","main-menu","MERGE","Main menu","true","","8","572617719971","Infused Therapy ButterSoft Knee Sleeve","MERGE","HTTP","","","","#","465799610531","Infused Therapy","1"
"69493325920","main-menu","MERGE","Main menu","true","","9","572617982115","Infused Therapy ButterSoft Arm Sleeve","MERGE","HTTP","","","","#","465799610531","Infused Therapy","2"
"69493325920","main-menu","MERGE","Main menu","true","","10","572618014883","Infused Therapy ButterSoft Elbow Sleeve","MERGE","HTTP","","","","#","465799610531","Infused Therapy","3"
"69493325920","main-menu","MERGE","Main menu","true","","11","572618047651","Infused Therapy Bamboo Knit Elbow Sleeve","MERGE","HTTP","","","","#","465799610531","Infused Therapy","4"
"69493325920","main-menu","MERGE","Main menu","true","","12","572618080419","Infused Therapy Bamboo Knit Knee Sleeve With Stays","MERGE","HTTP","","","","#","465799610531","Infused Therapy","5"
"69493325920","main-menu","MERGE","Main menu","true","","13","151644143712","Sports","MERGE","COLLECTION","96549175392","sports","","/collections/sports","","","3"
"69493325920","main-menu","MERGE","Main menu","true","","14","151644176480","Browse All Sports","MERGE","COLLECTION","96549175392","sports","","/collections/sports","151644143712","Sports","1"
"69493325920","main-menu","MERGE","Main menu","true","","15","151644209248","Basketball","MERGE","COLLECTION","291790815395","sports-basketball","","/collections/sports-basketball","151644143712","Sports","2"
"69493325920","main-menu","MERGE","Main menu","true","","16","151644242016","Football","MERGE","COLLECTION","291790946467","sports-football","","/collections/sports-football","151644143712","Sports","3"
"69493325920","main-menu","MERGE","Main menu","true","","17","151644274784","Baseball/Softball","MERGE","COLLECTION","291791077539","sports-baseball-softball","","/collections/sports-baseball-softball","151644143712","Sports","4"
"69493325920","main-menu","MERGE","Main menu","true","","18","152014192736","Lacrosse","MERGE","COLLECTION","291790848163","sports-lacrosse","","/collections/sports-lacrosse","151644143712","Sports","5"
"69493325920","main-menu","MERGE","Main menu","true","","19","156328132704","MMA/Boxing","MERGE","COLLECTION","291790979235","sports-mma-boxing","","/collections/sports-mma-boxing","151644143712","Sports","6"
"69493325920","main-menu","MERGE","Main menu","true","","20","156332982368","Running","MERGE","COLLECTION","291791110307","sports-running","","/collections/sports-running","151644143712","Sports","7"
"69493325920","main-menu","MERGE","Main menu","true","","21","156333015136","Soccer","MERGE","COLLECTION","291790880931","sports-soccer","","/collections/sports-soccer","151644143712","Sports","8"
"69493325920","main-menu","MERGE","Main menu","true","","22","156333047904","Tennis","MERGE","COLLECTION","291791012003","sports-tennis","","/collections/sports-tennis","151644143712","Sports","9"
"69493325920","main-menu","MERGE","Main menu","true","","23","156335767648","Volleyball","MERGE","COLLECTION","291791143075","sports-volleyball","","/collections/sports-volleyball","151644143712","Sports","10"
"69493325920","main-menu","MERGE","Main menu","true","","24","156715745376","Training and Fitness","MERGE","COLLECTION","291790913699","sports-training-workout-fitness","","/collections/sports-training-workout-fitness","151644143712","Sports","11"
"69493325920","main-menu","MERGE","Main menu","true","","25","163023978592","Accessories","MERGE","COLLECTION","291791044771","sports-accessories","","/collections/sports-accessories","151644143712","Sports","12"
"69493325920","main-menu","MERGE","Main menu","true","","26","151644307552","Protection","MERGE","COLLECTION","93993336928","protection","","/collections/protection","","","4"
"69493325920","main-menu","MERGE","Main menu","true","","27","151887413344","Browse All Protection","MERGE","COLLECTION","93993336928","protection","","/collections/protection","151644307552","Protection","1"
"69493325920","main-menu","MERGE","Main menu","true","","28","151887446112","Padded Sleeves","MERGE","COLLECTION","291791175843","protection-padded-sleeves","","/collections/protection-padded-sleeves","151644307552","Protection","2"
"69493325920","main-menu","MERGE","Main menu","true","","29","151887478880","Padded Tops","MERGE","COLLECTION","291791241379","protection-padded-tops","","/collections/protection-padded-tops","151644307552","Protection","3"
"69493325920","main-menu","MERGE","Main menu","true","","30","151887511648","Padded Bottoms","MERGE","COLLECTION","291791306915","protection-padded-bottoms","","/collections/protection-padded-bottoms","151644307552","Protection","4"
"69493325920","main-menu","MERGE","Main menu","true","","31","151887544416","Cup & Supporters","MERGE","COLLECTION","291791208611","protection-cup-supporters","","/collections/protection-cup-supporters","151644307552","Protection","5"
"69493325920","main-menu","MERGE","Main menu","true","","32","156333899872","Accessories","MERGE","COLLECTION","291791274147","protection-padded-accessories","","/collections/protection-padded-accessories","151644307552","Protection","6"
"69493325920","main-menu","MERGE","Main menu","true","","33","151644504160","Injury/Recovery","MERGE","COLLECTION","93994713184","injury","","/collections/injury","","","5"
"69493325920","main-menu","MERGE","Main menu","true","","34","151886921824","Browse All Injury/Recovery","MERGE","COLLECTION","93994713184","injury","","/collections/injury","151644504160","Injury/Recovery","1"
"69493325920","main-menu","MERGE","Main menu","true","","35","151886954592","Knee Injuries","MERGE","COLLECTION","291791339683","injury-knee-injuries","","/collections/injury-knee-injuries","151644504160","Injury/Recovery","2"
"69493325920","main-menu","MERGE","Main menu","true","","36","151886987360","Foot/Ankle Injuries","MERGE","COLLECTION","291791536291","injury-foot-ankle-injuries","","/collections/injury-foot-ankle-injuries","151644504160","Injury/Recovery","3"
"69493325920","main-menu","MERGE","Main menu","true","","37","151887020128","Leg Injuries","MERGE","COLLECTION","291791732899","injury-leg-injuries","","/collections/injury-leg-injuries","151644504160","Injury/Recovery","4"
"69493325920","main-menu","MERGE","Main menu","true","","38","156329967712","Wrist Injuries","MERGE","COLLECTION","291791896739","injury-wrist-injuries","","/collections/injury-wrist-injuries","151644504160","Injury/Recovery","5"
"69493325920","main-menu","MERGE","Main menu","true","","39","151887052896","Elbow Injuries","MERGE","COLLECTION","291792093347","injury-elbow-injuries","","/collections/injury-elbow-injuries","151644504160","Injury/Recovery","6"
"69493325920","main-menu","MERGE","Main menu","true","","40","152015175776","Back/Waist Injuries","MERGE","COLLECTION","291792289955","injury-back-waist-injuries","","/collections/injury-back-waist-injuries","151644504160","Injury/Recovery","7"
"69493325920","main-menu","MERGE","Main menu","true","","41","156329705568","Shoulder Injuries","MERGE","COLLECTION","291792453795","injury-shoulder-injuries","","/collections/injury-shoulder-injuries","151644504160","Injury/Recovery","8"
"69493325920","main-menu","MERGE","Main menu","true","","42","151644536928","Compression","MERGE","COLLECTION","93993369696","compression","","/collections/compression","","","6"
"69493325920","main-menu","MERGE","Main menu","true","","43","156330295392","Browse All Compression","MERGE","COLLECTION","93993369696","compression","","/collections/compression","151644536928","Compression","1"
"69493325920","main-menu","MERGE","Main menu","true","","44","156330328160","Arm Sleeves","MERGE","COLLECTION","291792650403","compression-arm-sleeves","","/collections/compression-arm-sleeves","151644536928","Compression","2"
"69493325920","main-menu","MERGE","Main menu","true","","45","156330360928","Leg Sleeves","MERGE","COLLECTION","291792715939","compression-leg-sleeves","","/collections/compression-leg-sleeves","151644536928","Compression","3"
"69493325920","main-menu","MERGE","Main menu","true","","46","156330393696","Tops","MERGE","COLLECTION","291792781475","compression-tops","","/collections/compression-tops","151644536928","Compression","4"
"69493325920","main-menu","MERGE","Main menu","true","","47","156330426464","Bottoms","MERGE","COLLECTION","291792683171","compression-bottoms","","/collections/compression-bottoms","151644536928","Compression","5"
"69493325920","main-menu","MERGE","Main menu","true","","48","156330459232","Socks","MERGE","COLLECTION","291792748707","compression-socks","","/collections/compression-socks","151644536928","Compression","6"
"69493325920","main-menu","MERGE","Main menu","true","","49","151887085664","Outlet","MERGE","COLLECTION","93993468000","outlet","","/collections/outlet","","","7"
"69493358688","footer","MERGE","Footer 1","true","true","50","151536402528","Store Locator","MERGE","HTTP","","","","/apps/store-locator","","","1"
"69493358688","footer","MERGE","Footer 1","true","","51","151644569696","Contact Us","MERGE","PAGE","27743617120","contact","","/pages/contact","","","2"
"69493358688","footer","MERGE","Footer 1","true","","52","151644602464","Shipping Policy","MERGE","PAGE","27743518816","shipping-policy","","/pages/shipping-policy","","","3"
"69493358688","footer","MERGE","Footer 1","true","","53","151644635232","Returns & Exchanges","MERGE","PAGE","27743354976","returns-exchanges","","/pages/returns-exchanges","","","4"
"69493358688","footer","MERGE","Footer 1","true","","54","466131026083","Satisfaction Guarantee","MERGE","PAGE","91922104483","mcdavid-satisfaction-guarantee","","/pages/mcdavid-satisfaction-guarantee","","","5"
"69493358688","footer","MERGE","Footer 1","true","","55","151644668000","Help FAQs","MERGE","PAGE","27742830688","ask-bob","","/pages/ask-bob","","","6"
"69493358688","footer","MERGE","Footer 1","true","","56","440948097187","HSA/FSA Eligibility","MERGE","PAGE","84760789155","fsa-hsa","","/pages/fsa-hsa","","","7"
"69534548064","top-main-menu","MERGE","Top Main Menu","","true","57","151642636384","Shock Doctor","MERGE","HTTP","","","","https://www.shockdoctor.com/?utm_source=md&utm_medium=supnav","","","1"
"69534548064","top-main-menu","MERGE","Top Main Menu","","","58","151642669152","McDavid","MERGE","HTTP","","","","https://www.mcdavidusa.com/?utm_source=md&utm_medium=supnav","","","2"
"69534548064","top-main-menu","MERGE","Top Main Menu","","","59","151642701920","Cutters","MERGE","HTTP","","","","https://www.cutterssports.com/?utm_source=md&utm_medium=supnav","","","3"
"69534548064","top-main-menu","MERGE","Top Main Menu","","","60","151642734688","Nathan","MERGE","HTTP","","","","https://www.nathansports.com/?utm_source=md&utm_medium=supnav","","","4"
"69535367264","footer-2","MERGE","Footer 2","","true","61","151644897376","About McDavid","MERGE","PAGE","27743486048","about-mcdavid","","/pages/about-mcdavid","","","1"
"69535367264","footer-2","MERGE","Footer 2","","","62","442518962339","Affiliates","MERGE","PAGE","85358182563","affiliate","","/pages/affiliate","","","2"
"69535367264","footer-2","MERGE","Footer 2","","","63","151645028448","Military, First Responders & Medical Workers Discount","MERGE","PAGE","51400671328","salute-our-heroes","","/pages/salute-our-heroes","","","3"
"69535367264","footer-2","MERGE","Footer 2","","","64","468012171427","SportMed®","MERGE","HTTP","","","","https://www.mcdavidusa.com/pages/sportmed","","","4"
"69535367264","footer-2","MERGE","Footer 2","","","65","151644962912","Research","MERGE","PAGE","27743387744","research","","/pages/research","","","5"
"69535367264","footer-2","MERGE","Footer 2","","","66","151644930144","Become an Ambassador ","MERGE","PAGE","81304649891","ambassador","","/pages/ambassador","","","6"
"69535367264","footer-2","MERGE","Footer 2","","","67","151644995680","Blog","MERGE","BLOG","30815977568","posts","","/blogs/posts","","","7"
"117555822688","secondary-menu","MERGE","Secondary Menu","","true","68","270884044896","Brace Finder","MERGE","PAGE","27742928992","brace-finder","","/pages/brace-finder","","","1"
"165965856931","top-main-menu-new","MERGE","Top Main Menu NEW","","true","69","379759591587","Shock Doctor","MERGE","HTTP","","","","https://www.shockdoctor.com/?utm_source=md&utm_medium=supnav","","","1"
"165965856931","top-main-menu-new","MERGE","Top Main Menu NEW","","","70","379759624355","McDavid","MERGE","HTTP","","","","#","","","2"
"165965856931","top-main-menu-new","MERGE","Top Main Menu NEW","","","71","379759657123","Cutters","MERGE","HTTP","","","","https://www.cutterssports.com/?utm_source=md&utm_medium=supnav","","","3"
"165965856931","top-main-menu-new","MERGE","Top Main Menu NEW","","","72","379759689891","Nathan","MERGE","HTTP","","","","https://www.nathansports.com/?utm_source=md&utm_medium=supnav","","","4"
"165965856931","top-main-menu-new","MERGE","Top Main Menu NEW","","","73","379759722659","Glukos","MERGE","HTTP","","","","https://www.glukosenergy.com/?utm_source=md&utm_medium=supnav","","","5"
"197396299939","account-menu","MERGE","Account Menu","","true","74","459625726115","Login","MERGE","HTTP","","","","/account/login","","","1"
"197396299939","account-menu","MERGE","Account Menu","","","75","459625758883","Cart","MERGE","HTTP","","","","/cart","","","2"
"197396955299","search","MERGE","Search","","true","76","459628380323","Search","MERGE","HTTP","","","","#","","","1"
"197398823075","mobile-main-menu","MERGE","mobile-main-menu","","true","77","465799643299","Best Sellers","MERGE","HTTP","","","","https://www.mcdavidusa.com/collections/best-sellers","","","1"
"197398823075","mobile-main-menu","MERGE","mobile-main-menu","","","78","459634311331","HEX®","MERGE","COLLECTION","93993271392","hex","","/collections/hex","","","2"
"197398823075","mobile-main-menu","MERGE","mobile-main-menu","","","79","459634344099","Browse All HEX®","MERGE","COLLECTION","93993271392","hex","","/collections/hex","459634311331","HEX®","1"
"197398823075","mobile-main-menu","MERGE","mobile-main-menu","","","80","459634376867","HEX® Padded Leg Sleeves","MERGE","COLLECTION","291790192803","hex-padded-leg-sleeves","","/collections/hex-padded-leg-sleeves","459634311331","HEX®","2"
"197398823075","mobile-main-menu","MERGE","mobile-main-menu","","","81","459634409635","HEX® Padded Arm Sleeves","MERGE","COLLECTION","291790225571","hex-padded-arm-sleeves","","/collections/hex-padded-arm-sleeves","459634311331","HEX®","3"
"197398823075","mobile-main-menu","MERGE","mobile-main-menu","","","82","459634442403","HEX® Padded Tops","MERGE","COLLECTION","291790258339","hex-padded-tops","","/collections/hex-padded-tops","459634311331","HEX®","4"
"197398823075","mobile-main-menu","MERGE","mobile-main-menu","","","83","463954935971","HEX® Padded Bottoms","MERGE","COLLECTION","293569265827","hex-padded-bottoms","","/collections/hex-padded-bottoms","459634311331","HEX®","5"
"197398823075","mobile-main-menu","MERGE","mobile-main-menu","","","84","459642601635","Sports","MERGE","COLLECTION","96549175392","sports","","/collections/sports","","","3"
"197398823075","mobile-main-menu","MERGE","mobile-main-menu","","","85","459642634403","Browse All Sports","MERGE","COLLECTION","96549175392","sports","","/collections/sports","459642601635","Sports","1"
"197398823075","mobile-main-menu","MERGE","mobile-main-menu","","","86","459642667171","Basketball","MERGE","COLLECTION","291790815395","sports-basketball","","/collections/sports-basketball","459642601635","Sports","2"
"197398823075","mobile-main-menu","MERGE","mobile-main-menu","","","87","459642699939","Football","MERGE","COLLECTION","291790946467","sports-football","","/collections/sports-football","459642601635","Sports","3"
"197398823075","mobile-main-menu","MERGE","mobile-main-menu","","","88","459642732707","Baseball/Softball","MERGE","COLLECTION","291791077539","sports-baseball-softball","","/collections/sports-baseball-softball","459642601635","Sports","4"
"197398823075","mobile-main-menu","MERGE","mobile-main-menu","","","89","459642765475","Lacrosse","MERGE","COLLECTION","291790848163","sports-lacrosse","","/collections/sports-lacrosse","459642601635","Sports","5"
"197398823075","mobile-main-menu","MERGE","mobile-main-menu","","","90","459642798243","MMA/Boxing","MERGE","COLLECTION","291790979235","sports-mma-boxing","","/collections/sports-mma-boxing","459642601635","Sports","6"
"197398823075","mobile-main-menu","MERGE","mobile-main-menu","","","91","459642831011","Running","MERGE","COLLECTION","291791110307","sports-running","","/collections/sports-running","459642601635","Sports","7"
"197398823075","mobile-main-menu","MERGE","mobile-main-menu","","","92","459643519139","Soccer","MERGE","COLLECTION","291790880931","sports-soccer","","/collections/sports-soccer","459642601635","Sports","8"
"197398823075","mobile-main-menu","MERGE","mobile-main-menu","","","93","459643551907","Tennis","MERGE","COLLECTION","291791012003","sports-tennis","","/collections/sports-tennis","459642601635","Sports","9"
"197398823075","mobile-main-menu","MERGE","mobile-main-menu","","","94","459643584675","Volleyball","MERGE","COLLECTION","291791143075","sports-volleyball","","/collections/sports-volleyball","459642601635","Sports","10"
"197398823075","mobile-main-menu","MERGE","mobile-main-menu","","","95","459643617443","Training and Fitness","MERGE","COLLECTION","291790913699","sports-training-workout-fitness","","/collections/sports-training-workout-fitness","459642601635","Sports","11"
"197398823075","mobile-main-menu","MERGE","mobile-main-menu","","","96","459643650211","Accessories","MERGE","COLLECTION","291791044771","sports-accessories","","/collections/sports-accessories","459642601635","Sports","12"
"197398823075","mobile-main-menu","MERGE","mobile-main-menu","","","97","459643682979","Protection","MERGE","COLLECTION","93993336928","protection","","/collections/protection","","","4"
"197398823075","mobile-main-menu","MERGE","mobile-main-menu","","","98","459643715747","Browse All Protection","MERGE","COLLECTION","93993336928","protection","","/collections/protection","459643682979","Protection","1"
"197398823075","mobile-main-menu","MERGE","mobile-main-menu","","","99","459643748515","Protection","MERGE","COLLECTION","93993336928","protection","padded sleeves","/collections/protection/padded-sleeves","459643682979","Protection","2"
"197398823075","mobile-main-menu","MERGE","mobile-main-menu","","","100","459643781283","Padded Sleeves","MERGE","COLLECTION","291791175843","protection-padded-sleeves","","/collections/protection-padded-sleeves","459643682979","Protection","3"
"197398823075","mobile-main-menu","MERGE","mobile-main-menu","","","101","459643814051","Padded Tops","MERGE","COLLECTION","291791241379","protection-padded-tops","","/collections/protection-padded-tops","459643682979","Protection","4"
"197398823075","mobile-main-menu","MERGE","mobile-main-menu","","","102","459643846819","Padded Bottoms","MERGE","COLLECTION","291791306915","protection-padded-bottoms","","/collections/protection-padded-bottoms","459643682979","Protection","5"
"197398823075","mobile-main-menu","MERGE","mobile-main-menu","","","103","459643879587","Cup & Supporters","MERGE","COLLECTION","291791208611","protection-cup-supporters","","/collections/protection-cup-supporters","459643682979","Protection","6"
"197398823075","mobile-main-menu","MERGE","mobile-main-menu","","","104","459643912355","Accessories","MERGE","COLLECTION","291791274147","protection-padded-accessories","","/collections/protection-padded-accessories","459643682979","Protection","7"
"197398823075","mobile-main-menu","MERGE","mobile-main-menu","","","105","459644829859","Injury/Recovery","MERGE","COLLECTION","93994713184","injury","","/collections/injury","","","5"
"197398823075","mobile-main-menu","MERGE","mobile-main-menu","","","106","459644862627","Browse All Injury/Recovery","MERGE","COLLECTION","93994713184","injury","","/collections/injury","459644829859","Injury/Recovery","1"
"197398823075","mobile-main-menu","MERGE","mobile-main-menu","","","107","459644895395","Knee Injuries","MERGE","COLLECTION","93994713184","injury","knee injuries","/collections/injury/knee-injuries","459644829859","Injury/Recovery","2"
"197398823075","mobile-main-menu","MERGE","mobile-main-menu","","","108","459644928163","Foot/Ankle Injuries","MERGE","COLLECTION","291791536291","injury-foot-ankle-injuries","","/collections/injury-foot-ankle-injuries","459644829859","Injury/Recovery","3"
"197398823075","mobile-main-menu","MERGE","mobile-main-menu","","","109","459644960931","Leg Injuries","MERGE","COLLECTION","291791732899","injury-leg-injuries","","/collections/injury-leg-injuries","459644829859","Injury/Recovery","4"
"197398823075","mobile-main-menu","MERGE","mobile-main-menu","","","110","459644993699","Wrist Injuries","MERGE","COLLECTION","291791896739","injury-wrist-injuries","","/collections/injury-wrist-injuries","459644829859","Injury/Recovery","5"
"197398823075","mobile-main-menu","MERGE","mobile-main-menu","","","111","459645026467","Elbow Injuries","MERGE","COLLECTION","291792093347","injury-elbow-injuries","","/collections/injury-elbow-injuries","459644829859","Injury/Recovery","6"
"197398823075","mobile-main-menu","MERGE","mobile-main-menu","","","112","459645059235","Back/Waist Injuries","MERGE","COLLECTION","291792289955","injury-back-waist-injuries","","/collections/injury-back-waist-injuries","459644829859","Injury/Recovery","7"
"197398823075","mobile-main-menu","MERGE","mobile-main-menu","","","113","459645092003","Shoulder Injuries","MERGE","COLLECTION","291792453795","injury-shoulder-injuries","","/collections/injury-shoulder-injuries","459644829859","Injury/Recovery","8"
"197398823075","mobile-main-menu","MERGE","mobile-main-menu","","","114","459676811427","Compression","MERGE","COLLECTION","93993369696","compression","","/collections/compression","","","6"
"197398823075","mobile-main-menu","MERGE","mobile-main-menu","","","115","459676844195","Browse All Compression","MERGE","COLLECTION","93993369696","compression","","/collections/compression","459676811427","Compression","1"
"197398823075","mobile-main-menu","MERGE","mobile-main-menu","","","116","459676942499","Arm Sleeves","MERGE","COLLECTION","291792650403","compression-arm-sleeves","","/collections/compression-arm-sleeves","459676811427","Compression","2"
"197398823075","mobile-main-menu","MERGE","mobile-main-menu","","","117","459676975267","Leg Sleeves","MERGE","COLLECTION","291792715939","compression-leg-sleeves","","/collections/compression-leg-sleeves","459676811427","Compression","3"
"197398823075","mobile-main-menu","MERGE","mobile-main-menu","","","118","459677008035","Tops","MERGE","COLLECTION","291792781475","compression-tops","","/collections/compression-tops","459676811427","Compression","4"
"197398823075","mobile-main-menu","MERGE","mobile-main-menu","","","119","459677040803","Bottoms","MERGE","COLLECTION","291792683171","compression-bottoms","","/collections/compression-bottoms","459676811427","Compression","5"
"197398823075","mobile-main-menu","MERGE","mobile-main-menu","","","120","459677073571","Socks","MERGE","COLLECTION","291792748707","compression-socks","","/collections/compression-socks","459676811427","Compression","6"
"197398823075","mobile-main-menu","MERGE","mobile-main-menu","","","121","459677106339","Outlet","MERGE","COLLECTION","93993468000","outlet","","/collections/outlet","","","7"
"197398823075","mobile-main-menu","MERGE","mobile-main-menu","","","122","460014485667","Account","MERGE","HTTP","","","","/account","","","8"
"197732728995","accessibility","MERGE","Accessibility","","true","123","460604211363","Accessibility View","MERGE","HTTP","","","","#","","","1"
"197894799523","footer-01-luminate","MERGE","Footer 01 Luminate","","true","124","461079478435","Store Locator","MERGE","HTTP","","","","/apps/store-locator","","","1"
"197894799523","footer-01-luminate","MERGE","Footer 01 Luminate","","","125","461489635491","Contact Us","MERGE","PAGE","27743617120","contact","","/pages/contact","","","2"
"197894799523","footer-01-luminate","MERGE","Footer 01 Luminate","","","126","461079511203","Shipping Policy","MERGE","PAGE","27743518816","shipping-policy","","/pages/shipping-policy","","","3"
"197894799523","footer-01-luminate","MERGE","Footer 01 Luminate","","","127","462704771235","Your California Privacy Rights","MERGE","PAGE","91631190179","how-to-exercise-your-ccpa-rights","","/pages/how-to-exercise-your-ccpa-rights","","","4"
"197894799523","footer-01-luminate","MERGE","Footer 01 Luminate","","","128","461079543971","Returns & Exchanges","MERGE","PAGE","27743354976","returns-exchanges","","/pages/returns-exchanges","","","5"
"197894799523","footer-01-luminate","MERGE","Footer 01 Luminate","","","129","463602778275","Satisfaction Guarantee","MERGE","PAGE","91922104483","mcdavid-satisfaction-guarantee","","/pages/mcdavid-satisfaction-guarantee","","","6"
"197894799523","footer-01-luminate","MERGE","Footer 01 Luminate","","","130","461079576739","Help FAQs","MERGE","PAGE","27742830688","ask-bob","","/pages/ask-bob","","","7"
"197894799523","footer-01-luminate","MERGE","Footer 01 Luminate","","","131","461079609507","HSA/FSA Eligibility","MERGE","PAGE","84760789155","fsa-hsa","","/pages/fsa-hsa","","","8"
"197996806307","footer-02-luminate","MERGE","Footer 02 Luminate","","true","132","461379305635","About McDavid","MERGE","PAGE","27743486048","about-mcdavid","","/pages/about-mcdavid","","","1"
"197996806307","footer-02-luminate","MERGE","Footer 02 Luminate","","","133","461379338403","Affiliates","MERGE","PAGE","85358182563","affiliate","","/pages/affiliate","","","2"
"197996806307","footer-02-luminate","MERGE","Footer 02 Luminate","","","134","461379371171","Military, First Responders & Medical Workers Discount","MERGE","PAGE","51400671328","salute-our-heroes","","/pages/salute-our-heroes","","","3"
"197996806307","footer-02-luminate","MERGE","Footer 02 Luminate","","","135","461379403939","Research","MERGE","PAGE","27743387744","research","","/pages/research","","","4"
"197996806307","footer-02-luminate","MERGE","Footer 02 Luminate","","","136","461379436707","Become an Ambassador ","MERGE","PAGE","81304649891","ambassador","","/pages/ambassador","","","5"
"197996806307","footer-02-luminate","MERGE","Footer 02 Luminate","","","137","461379469475","Blog","MERGE","BLOG","30815977568","posts","","/blogs/posts","","","6"
"197996806307","footer-02-luminate","MERGE","Footer 02 Luminate","","","138","461379502243","Accessibility View","MERGE","HTTP","","","","#","","","7"
"197996806307","footer-02-luminate","MERGE","Footer 02 Luminate","","","139","462068416675","Accessibility Statement","MERGE","PAGE","91442970787","accessibility-statement","","/pages/accessibility-statement","","","8"
"199257948323","footer-business","MERGE","Footer Business","","true","140","466915066019","Store Locator","MERGE","HTTP","","","","https://www.mcdavidusa.com/apps/store-locator","","","1"
"199257948323","footer-business","MERGE","Footer Business","","","141","466915098787","Contact Us","MERGE","PAGE","27743617120","contact","","/pages/contact","","","2"
"199446626467","desktop-main-menu","MERGE","Desktop Menu FW 25","","true","142","467383222435","HEX®","MERGE","COLLECTION","93993271392","hex","","/collections/hex","","","1"
"199446626467","desktop-main-menu","MERGE","Desktop Menu FW 25","","","143","467385974947","SHOP ALL HEX®","MERGE","COLLECTION","93993271392","hex","","/collections/hex","467383222435","HEX®","1"
"199446626467","desktop-main-menu","MERGE","Desktop Menu FW 25","","","144","467386007715","BY TYPE","MERGE","HTTP","","","","#","467383222435","HEX®","2"
"199446626467","desktop-main-menu","MERGE","Desktop Menu FW 25","","","145","467386040483","Padded Leg Sleeves","MERGE","COLLECTION","291790192803","hex-padded-leg-sleeves","","/collections/hex-padded-leg-sleeves","467386007715","BY TYPE","1"
"199446626467","desktop-main-menu","MERGE","Desktop Menu FW 25","","","146","467386073251","Padded Arm Sleeves","MERGE","COLLECTION","291790225571","hex-padded-arm-sleeves","","/collections/hex-padded-arm-sleeves","467386007715","BY TYPE","2"
"199446626467","desktop-main-menu","MERGE","Desktop Menu FW 25","","","147","467386106019","Padded Tops","MERGE","COLLECTION","291790258339","hex-padded-tops","","/collections/hex-padded-tops","467386007715","BY TYPE","3"
"199446626467","desktop-main-menu","MERGE","Desktop Menu FW 25","","","148","467386138787","Padded Bottoms","MERGE","COLLECTION","293569265827","hex-padded-bottoms","","/collections/hex-padded-bottoms","467386007715","BY TYPE","4"
"199446626467","desktop-main-menu","MERGE","Desktop Menu FW 25","","","149","467386171555","BY TECHNOLOGY","MERGE","HTTP","","","","#","467383222435","HEX®","3"
"199446626467","desktop-main-menu","MERGE","Desktop Menu FW 25","","","150","467386368163","HEX® VIZ%%Lighter weight, more flexible protection","MERGE","COLLECTION","324417126563","hex-viz-protective-gear","","/collections/hex-viz-protective-gear","467386171555","BY TECHNOLOGY","1"
"199446626467","desktop-main-menu","MERGE","Desktop Menu FW 25","","","151","467386335395","HEX®%%Original, best-selling impact protection","MERGE","COLLECTION","93993271392","hex","","/collections/hex","467386171555","BY TECHNOLOGY","2"
"199446626467","desktop-main-menu","MERGE","Desktop Menu FW 25","","","152","467386400931","HEX® FORCE%%More durable high-abrasion construction","MERGE","COLLECTION","300173787299","hex-force","","/collections/hex-force","467386171555","BY TECHNOLOGY","3"
"199446626467","desktop-main-menu","MERGE","Desktop Menu FW 25","","","153","467386433699","HEX® HIGH IMPACT%%Firmest, highest strength protection","MERGE","COLLECTION","300173656227","hex-high-impact","","/collections/hex-high-impact","467386171555","BY TECHNOLOGY","4"
"199446626467","desktop-main-menu","MERGE","Desktop Menu FW 25","","","154","573072474275","INFUSED THERAPY","MERGE","HTTP","","","","https://www.mcdavidusa.com/collections/infused-therapy","","","2"
"199446626467","desktop-main-menu","MERGE","Desktop Menu FW 25","","","155","573072507043","SHOP ALL INFUSED THERAPY","MERGE","HTTP","","","","https://www.mcdavidusa.com/collections/infused-therapy","573072474275","INFUSED THERAPY","1"
"199446626467","desktop-main-menu","MERGE","Desktop Menu FW 25","","","156","573072539811","BY PRODUCT","MERGE","HTTP","","","","#","573072474275","INFUSED THERAPY","2"
"199446626467","desktop-main-menu","MERGE","Desktop Menu FW 25","","","157","573072572579","Buttersoft Knee Sleeve","MERGE","PRODUCT","8837490606243","infused-therapy-buttersoft-knee-sleeve","","/products/infused-therapy-buttersoft-knee-sleeve","573072539811","BY PRODUCT","1"
"199446626467","desktop-main-menu","MERGE","Desktop Menu FW 25","","","158","573072605347","Buttersoft Arm Sleeve","MERGE","PRODUCT","8837484085411","infused-therapy-buttersoft-arm-sleeve","","/products/infused-therapy-buttersoft-arm-sleeve","573072539811","BY PRODUCT","2"
"199446626467","desktop-main-menu","MERGE","Desktop Menu FW 25","","","159","573072638115","Buttersoft Elbow Sleeve","MERGE","PRODUCT","8837488738467","infused-therapy-buttersoft-elbow-sleeve","","/products/infused-therapy-buttersoft-elbow-sleeve","573072539811","BY PRODUCT","3"
"199446626467","desktop-main-menu","MERGE","Desktop Menu FW 25","","","160","573072670883","Bamboo Knit Knee Sleeve With Stays","MERGE","PRODUCT","8829150986403","infused-therapy-bamboo-knit-knee-sleeve-with-stays","","/products/infused-therapy-bamboo-knit-knee-sleeve-with-stays","573072539811","BY PRODUCT","4"
"199446626467","desktop-main-menu","MERGE","Desktop Menu FW 25","","","161","573072703651","Bamboo Knit Elbow Sleeve","MERGE","PRODUCT","8829155016867","infused-therapy-bamboo-knit-elbow-sleeve","","/products/infused-therapy-bamboo-knit-elbow-sleeve","573072539811","BY PRODUCT","5"
"199446626467","desktop-main-menu","MERGE","Desktop Menu FW 25","","","162","467383124131","BRACES & SUPPORTS","MERGE","HTTP","","","","https://www.mcdavidusa.com/collections/braces-and-supports","","","3"
"199446626467","desktop-main-menu","MERGE","Desktop Menu FW 25","","","163","467383943331","SHOP ALL BRACES & SUPPORTS","MERGE","HTTP","","","","https://www.mcdavidusa.com/collections/braces-and-supports","467383124131","BRACES & SUPPORTS","1"
"199446626467","desktop-main-menu","MERGE","Desktop Menu FW 25","","","164","467383976099","BY BODY PART","MERGE","COLLECTION","291790323875","braces-supports-body-part","","/collections/braces-supports-body-part","467383124131","BRACES & SUPPORTS","2"
"199446626467","desktop-main-menu","MERGE","Desktop Menu FW 25","","","165","467384336547","Knee","MERGE","COLLECTION","291790356643","braces-supports-body-part-knee","","/collections/braces-supports-body-part-knee","467383976099","BY BODY PART","1"
"199446626467","desktop-main-menu","MERGE","Desktop Menu FW 25","","","166","467384369315","Foot / Ankle","MERGE","COLLECTION","291790389411","braces-supports-body-part-ankle","","/collections/braces-supports-body-part-ankle","467383976099","BY BODY PART","2"
"199446626467","desktop-main-menu","MERGE","Desktop Menu FW 25","","","167","467384402083","Back / Waist","MERGE","COLLECTION","291790422179","braces-supports-body-part-back-waist","","/collections/braces-supports-body-part-back-waist","467383976099","BY BODY PART","3"
"199446626467","desktop-main-menu","MERGE","Desktop Menu FW 25","","","168","467384434851","Shoulder","MERGE","COLLECTION","291790454947","braces-supports-body-part-shoulder","","/collections/braces-supports-body-part-shoulder","467383976099","BY BODY PART","4"
"199446626467","desktop-main-menu","MERGE","Desktop Menu FW 25","","","169","467384467619","Elbow","MERGE","COLLECTION","291790487715","braces-supports-body-part-elbow","","/collections/braces-supports-body-part-elbow","467383976099","BY BODY PART","5"
"199446626467","desktop-main-menu","MERGE","Desktop Menu FW 25","","","170","467384631459","Wrist","MERGE","COLLECTION","291790520483","braces-supports-body-part-wrist","","/collections/braces-supports-body-part-wrist","467383976099","BY BODY PART","6"
"199446626467","desktop-main-menu","MERGE","Desktop Menu FW 25","","","171","467384664227","Calf / Shin","MERGE","COLLECTION","291790553251","braces-supports-body-part-calf-shin","","/collections/braces-supports-body-part-calf-shin","467383976099","BY BODY PART","7"
"199446626467","desktop-main-menu","MERGE","Desktop Menu FW 25","","","172","467384696995","Thigh / Groin","MERGE","COLLECTION","292187046051","braces-supports-body-part-thigh-groin","","/collections/braces-supports-body-part-thigh-groin","467383976099","BY BODY PART","8"
"199446626467","desktop-main-menu","MERGE","Desktop Menu FW 25","","","173","467384008867","BY PROTECTION LEVEL","MERGE","COLLECTION","291790618787","braces-supports-body-protection-level","","/collections/braces-supports-body-protection-level","467383124131","BRACES & SUPPORTS","3"
"199446626467","desktop-main-menu","MERGE","Desktop Menu FW 25","","","174","467384041635","LIGHT%%Minor pain, sprains and instabilities","MERGE","COLLECTION","291790651555","braces-supports-body-protection-level-light","","/collections/braces-supports-body-protection-level-light","467384008867","BY PROTECTION LEVEL","1"
"199446626467","desktop-main-menu","MERGE","Desktop Menu FW 25","","","175","467384074403","MODERATE%%Swelling, recovering sprains and pain relief","MERGE","COLLECTION","291790684323","braces-supports-body-protection-level-advanced","","/collections/braces-supports-body-protection-level-advanced","467384008867","BY PROTECTION LEVEL","2"
"199446626467","desktop-main-menu","MERGE","Desktop Menu FW 25","","","176","467384107171","MAXIMUM%%Ultimate support and recovery","MERGE","COLLECTION","291790717091","braces-supports-body-protection-level-maximum","","/collections/braces-supports-body-protection-level-maximum","467384008867","BY PROTECTION LEVEL","3"
"199446626467","desktop-main-menu","MERGE","Desktop Menu FW 25","","","177","467384139939","MAXIMUM +%%Advanced joint support and therapeutic recovery","MERGE","COLLECTION","291790749859","braces-supports-body-protection-level-maximum-plus","","/collections/braces-supports-body-protection-level-maximum-plus","467384008867","BY PROTECTION LEVEL","4"
"199446626467","desktop-main-menu","MERGE","Desktop Menu FW 25","","","178","467384172707","COLD THERAPY%%Reduce swelling and increase blood circulation","MERGE","COLLECTION","291790782627","braces-supports-body-protection-level-cold-therapy","","/collections/braces-supports-body-protection-level-cold-therapy","467384008867","BY PROTECTION LEVEL","5"
"199446626467","desktop-main-menu","MERGE","Desktop Menu FW 25","","","179","467383156899","PROTECTIVE GEAR","MERGE","COLLECTION","93993336928","protection","","/collections/protection","","","4"
"199446626467","desktop-main-menu","MERGE","Desktop Menu FW 25","","","180","467385385123","SHOP ALL PROTECTIVE GEAR","MERGE","COLLECTION","93993336928","protection","","/collections/protection","467383156899","PROTECTIVE GEAR","1"
"199446626467","desktop-main-menu","MERGE","Desktop Menu FW 25","","","181","467384926371","BY TYPE","MERGE","HTTP","","","","#","467383156899","PROTECTIVE GEAR","2"
"199446626467","desktop-main-menu","MERGE","Desktop Menu FW 25","","","182","467384959139","Padded Sleeves","MERGE","COLLECTION","291791175843","protection-padded-sleeves","","/collections/protection-padded-sleeves","467384926371","BY TYPE","1"
"199446626467","desktop-main-menu","MERGE","Desktop Menu FW 25","","","183","467384991907","Padded Tops","MERGE","COLLECTION","291791241379","protection-padded-tops","","/collections/protection-padded-tops","467384926371","BY TYPE","2"
"199446626467","desktop-main-menu","MERGE","Desktop Menu FW 25","","","184","467385024675","Padded Bottoms","MERGE","COLLECTION","291791306915","protection-padded-bottoms","","/collections/protection-padded-bottoms","467384926371","BY TYPE","3"
"199446626467","desktop-main-menu","MERGE","Desktop Menu FW 25","","","185","467385057443","Cups & Supporters","MERGE","COLLECTION","291791208611","protection-cup-supporters","","/collections/protection-cup-supporters","467384926371","BY TYPE","4"
"199446626467","desktop-main-menu","MERGE","Desktop Menu FW 25","","","186","467385090211","Accessories","MERGE","COLLECTION","291791274147","protection-padded-accessories","","/collections/protection-padded-accessories","467384926371","BY TYPE","5"
"199446626467","desktop-main-menu","MERGE","Desktop Menu FW 25","","","187","467383189667","COMPRESSION","MERGE","COLLECTION","93993369696","compression","","/collections/compression","","","5"
"199446626467","desktop-main-menu","MERGE","Desktop Menu FW 25","","","188","467385417891","SHOP ALL COMPRESSION GEAR","MERGE","COLLECTION","93993369696","compression","","/collections/compression","467383189667","COMPRESSION","1"
"199446626467","desktop-main-menu","MERGE","Desktop Menu FW 25","","","189","467385450659","BY TYPE","MERGE","HTTP","","","","#","467383189667","COMPRESSION","2"
"199446626467","desktop-main-menu","MERGE","Desktop Menu FW 25","","","190","467385483427","Arm Sleeves","MERGE","COLLECTION","291792650403","compression-arm-sleeves","","/collections/compression-arm-sleeves","467385450659","BY TYPE","1"
"199446626467","desktop-main-menu","MERGE","Desktop Menu FW 25","","","191","467385516195","Leg Sleeves","MERGE","COLLECTION","291792715939","compression-leg-sleeves","","/collections/compression-leg-sleeves","467385450659","BY TYPE","2"
"199446626467","desktop-main-menu","MERGE","Desktop Menu FW 25","","","192","467385680035","Tops","MERGE","COLLECTION","291792781475","compression-tops","","/collections/compression-tops","467385450659","BY TYPE","3"
"199446626467","desktop-main-menu","MERGE","Desktop Menu FW 25","","","193","467385712803","Bottoms","MERGE","COLLECTION","291792683171","compression-bottoms","","/collections/compression-bottoms","467385450659","BY TYPE","4"
"199446626467","desktop-main-menu","MERGE","Desktop Menu FW 25","","","194","467385745571","Socks","MERGE","COLLECTION","291792748707","compression-socks","","/collections/compression-socks","467385450659","BY TYPE","5"
"199446626467","desktop-main-menu","MERGE","Desktop Menu FW 25","","","195","467383255203","SPORT","MERGE","COLLECTION","96549175392","sports","","/collections/sports","","","6"
"199446626467","desktop-main-menu","MERGE","Desktop Menu FW 25","","","196","467383320739","SHOP ALL SPORTS","MERGE","COLLECTION","96549175392","sports","","/collections/sports","467383255203","SPORT","1"
"199446626467","desktop-main-menu","MERGE","Desktop Menu FW 25","","","197","467383353507","BY SPORT","MERGE","COLLECTION","291790815395","sports-basketball","","/collections/sports-basketball","467383255203","SPORT","2"
"199446626467","desktop-main-menu","MERGE","Desktop Menu FW 25","","","198","467383386275","Basketball","MERGE","COLLECTION","291790815395","sports-basketball","","/collections/sports-basketball","467383353507","BY SPORT","1"
"199446626467","desktop-main-menu","MERGE","Desktop Menu FW 25","","","199","467383419043","Football","MERGE","COLLECTION","291790946467","sports-football","","/collections/sports-football","467383353507","BY SPORT","2"
"199446626467","desktop-main-menu","MERGE","Desktop Menu FW 25","","","200","467383451811","Baseball / Softball","MERGE","COLLECTION","291791077539","sports-baseball-softball","","/collections/sports-baseball-softball","467383353507","BY SPORT","3"
"199446626467","desktop-main-menu","MERGE","Desktop Menu FW 25","","","201","467383484579","Lacrosse","MERGE","COLLECTION","291790848163","sports-lacrosse","","/collections/sports-lacrosse","467383353507","BY SPORT","4"
"199446626467","desktop-main-menu","MERGE","Desktop Menu FW 25","","","202","467383517347","MMA / Boxing","MERGE","COLLECTION","291790979235","sports-mma-boxing","","/collections/sports-mma-boxing","467383353507","BY SPORT","5"
"199446626467","desktop-main-menu","MERGE","Desktop Menu FW 25","","","203","467383550115","Running","MERGE","COLLECTION","291791110307","sports-running","","/collections/sports-running","467383353507","BY SPORT","6"
"199446626467","desktop-main-menu","MERGE","Desktop Menu FW 25","","","204","467383582883","Soccer","MERGE","COLLECTION","291790880931","sports-soccer","","/collections/sports-soccer","467383353507","BY SPORT","7"
"199446626467","desktop-main-menu","MERGE","Desktop Menu FW 25","","","205","481870807203","Pickleball","MERGE","HTTP","","","","https://www.mcdavidusa.com/collections/pickleball","467383353507","BY SPORT","8"
"199446626467","desktop-main-menu","MERGE","Desktop Menu FW 25","","","206","467383615651","Tennis","MERGE","COLLECTION","291791012003","sports-tennis","","/collections/sports-tennis","467383353507","BY SPORT","9"
"199446626467","desktop-main-menu","MERGE","Desktop Menu FW 25","","","207","467383648419","Volleyball","MERGE","COLLECTION","291791143075","sports-volleyball","","/collections/sports-volleyball","467383353507","BY SPORT","10"
"199446626467","desktop-main-menu","MERGE","Desktop Menu FW 25","","","208","467383681187","Training and Fitness","MERGE","COLLECTION","291790913699","sports-training-workout-fitness","","/collections/sports-training-workout-fitness","467383353507","BY SPORT","11"
"199446626467","desktop-main-menu","MERGE","Desktop Menu FW 25","","","209","467383713955","Accessories","MERGE","COLLECTION","291791044771","sports-accessories","","/collections/sports-accessories","467383353507","BY SPORT","12"
"199446626467","desktop-main-menu","MERGE","Desktop Menu FW 25","","","210","467383287971","CLEARANCE","MERGE","COLLECTION","93993468000","outlet","","/collections/outlet","","","7"
"199972323491","new-footer-1","MERGE","New Footer 1 (Connect With Us)","","true","211","468715471011","cs@mcdavidusa.com","MERGE","HTTP","","","","mailto:cs@mcdavidusa.com","","","1"
"199972323491","new-footer-1","MERGE","New Footer 1 (Connect With Us)","","","212","468715503779","800-233-6956","MERGE","HTTP","","","","tel:800-233-6956","","","2"
"199972323491","new-footer-1","MERGE","New Footer 1 (Connect With Us)","","","213","468714160291","Contact Us","MERGE","HTTP","","","","https://www.mcdavidusa.com/pages/contact","","","3"
"199972323491","new-footer-1","MERGE","New Footer 1 (Connect With Us)","","","214","468714193059","Find a Store","MERGE","HTTP","","","","https://www.mcdavidusa.com/apps/store-locator","","","4"
"199972323491","new-footer-1","MERGE","New Footer 1 (Connect With Us)","","","215","468714225827","Affiliate Program","MERGE","HTTP","","","","https://www.mcdavidusa.com/pages/affiliate","","","5"
"199972323491","new-footer-1","MERGE","New Footer 1 (Connect With Us)","","","216","468714258595","Salute Our Heroes Discount","MERGE","HTTP","","","","https://www.mcdavidusa.com/pages/salute-our-heroes","","","6"
"199972356259","new-footer-2","MERGE","New Footer 2 (Customer Service)","","true","217","468714291363","My Account","MERGE","HTTP","","","","https://www.mcdavidusa.com/account/login?return_url=%2Faccount","","","1"
"199972356259","new-footer-2","MERGE","New Footer 2 (Customer Service)","","","218","468714324131","Shipping Policy","MERGE","PAGE","27743518816","shipping-policy","","/pages/shipping-policy","","","2"
"199972356259","new-footer-2","MERGE","New Footer 2 (Customer Service)","","","219","468714356899","Returns & Exchanges","MERGE","PAGE","27743354976","returns-exchanges","","/pages/returns-exchanges","","","3"
"199972356259","new-footer-2","MERGE","New Footer 2 (Customer Service)","","","220","468714389667","FAQ","MERGE","PAGE","27742830688","ask-bob","","/pages/ask-bob","","","4"
"199972356259","new-footer-2","MERGE","New Footer 2 (Customer Service)","","","221","468714619043","HSA/FSA Eligibility","MERGE","PAGE","84760789155","fsa-hsa","","/pages/fsa-hsa","","","5"
"199972389027","new-footer-3","MERGE","New Footer 3 (About McDavid)","","true","222","468714455203","Our History","MERGE","HTTP","","","","/pages/about-us","","","1"
"199972389027","new-footer-3","MERGE","New Footer 3 (About McDavid)","","","223","468714487971","Social Responsibility","MERGE","PAGE","27743584352","responsibility","","/pages/responsibility","","","2"
"199972389027","new-footer-3","MERGE","New Footer 3 (About McDavid)","","","224","468714520739","Satisfaction Guarantee","MERGE","PAGE","91922104483","mcdavid-satisfaction-guarantee","","/pages/mcdavid-satisfaction-guarantee","","","3"
"199972389027","new-footer-3","MERGE","New Footer 3 (About McDavid)","","","225","468714553507","SportMed®","MERGE","PAGE","27743289440","sportmed","","/pages/sportmed","","","4"
"199972389027","new-footer-3","MERGE","New Footer 3 (About McDavid)","","","226","468715077795","Blog","MERGE","HTTP","","","","https://www.mcdavidusa.com/blogs/posts","","","5"
"209046241443","customer-account-main-menu","MERGE","Customer account main menu","true","true","227","524664144035","Shop","MERGE","FRONTPAGE","","","","/","","","1"
"209046241443","customer-account-main-menu","MERGE","Customer account main menu","true","","228","512594084003","Orders","MERGE","CUSTOMER_ACCOUNT_PAGE","59326038179","orders","","https://shopify.com/9699262560/account/orders","","","2"
