ID,Handle,Command,Title,Is Default,Top Row,Row #,Menu Item: ID,Menu Item: Title,Menu Item: Command,Menu Item: Resource Type,Menu Item: Resource ID,Menu Item: Resource Handle,Menu Item: Collection Tags,Menu Item: URL,Menu Item: Parent ID,Menu Item: Parent Title,Menu Item: Position
64618201176,main-menu,MERGE, Main Menu,true,true,1,150094413912,HYDRATION,MERGE,COLLECTION,107842961496,hydration,,/collections/hydration,,,1
64618201176,main-menu,MERGE, Main Menu,true,,2,150185443416,STORAGE,MERGE,COLLECTION,176719855704,storage-gear,,/collections/storage-gear,,,2
64618201176,main-menu,MERGE, Main Menu,true,,3,150185508952,SAFETY & GEAR,MERGE,COLLECTION,268451512408,running-safety-gear,,/collections/running-safety-gear,,,3
64618201176,main-menu,MERGE, Main Menu,true,,4,150185476184,APPAREL,MERGE,COLLECTION,260488200280,apparel,,/collections/apparel,,,4
64618201176,main-menu,MERGE, Main Menu,true,,5,271645638744,Sale,MERGE,COLLECTION,107843125336,sale,,/collections/sale,,,5
64656113752,footer-2,MERGE,Footer HELP Column,,true,6,150186721368,About Nathan Sports,MERGE,PAGE,24040833112,about-nathan-sports,,/pages/about-nathan-sports,,,1
64656113752,footer-2,MERGE,Footer HELP Column,,,7,422104236120,NS+ Rewards,MERGE,HTTP,,,,https://www.nathansports.com/pages/rewards,,,2
64656113752,footer-2,MERGE,Footer HELP Column,,,8,414022565976,Affiliates,MERGE,PAGE,80815915096,affiliate,,/pages/affiliate,,,3
64656113752,footer-2,MERGE,Footer HELP Column,,,9,261122457688,"Military, Teacher & Medical Workers Discount",MERGE,PAGE,51347521624,salute-our-heroes,,/pages/salute-our-heroes,,,4
64656113752,footer-2,MERGE,Footer HELP Column,,,10,421943967832,Shop Digital Gift Cards,MERGE,PRODUCT,7318985605208,nathan-digital-gift-card,,/products/nathan-digital-gift-card,,,5
64656113752,footer-2,MERGE,Footer HELP Column,,,11,150186819672,Blog,MERGE,BLOG,24779259992,posts,,/blogs/posts,,,6
64656113752,footer-2,MERGE,Footer HELP Column,,,12,413216473176,Buzzworthy News,MERGE,HTTP,,,,https://www.nathansports.com/pages/thebuzz,,,7
182036201560,ehs-main-menu,MERGE,[eHs] Main Menu,,true,13,421993545816,HYDRATION,MERGE,HTTP,,,,#,,,1
182036201560,ehs-main-menu,MERGE,[eHs] Main Menu,,,14,421993578584,MEN,MERGE,HTTP,,,,#,,,2
182036201560,ehs-main-menu,MERGE,[eHs] Main Menu,,,15,421993611352,WOMEN,MERGE,HTTP,,,,#,,,3
182036201560,ehs-main-menu,MERGE,[eHs] Main Menu,,,16,421993644120,RUNNING ESSENTIALS,MERGE,HTTP,,,,#,,,4
182036201560,ehs-main-menu,MERGE,[eHs] Main Menu,,,17,421993676888,SALE,MERGE,HTTP,,,,#,,,5
64618233944,footer,MERGE,Footer ABOUT Column,true,true,18,150186491992,Store Locator,MERGE,HTTP,,,,/apps/store-locator,,,1
64618233944,footer,MERGE,Footer ABOUT Column,true,,19,417062813784,Apparel 101,MERGE,PAGE,82140266584,apparel-101,,/pages/apparel-101,,,2
64618233944,footer,MERGE,Footer ABOUT Column,true,,20,412934013016,Product 101,MERGE,HTTP,,,,https://www.nathansports.com/pages/product101,,,3
64618233944,footer,MERGE,Footer ABOUT Column,true,,21,150186557528,Shipping Policy,MERGE,PAGE,24041259096,shipping-policy,,/pages/shipping-policy,,,4
64618233944,footer,MERGE,Footer ABOUT Column,true,,22,256679641176,Returns & Exchanges,MERGE,PAGE,24041291864,returns-exchanges,,/pages/returns-exchanges,,,5
64618233944,footer,MERGE,Footer ABOUT Column,true,,23,421908349016,Satisfaction Guarantee,MERGE,PAGE,84258422872,satisfaction-guarantee,,/pages/satisfaction-guarantee,,,6
64618233944,footer,MERGE,Footer ABOUT Column,true,,24,421908381784,Accessibility Statement,MERGE,PAGE,83707527256,accessibility-statement,,/pages/accessibility-statement,,,7
64618233944,footer,MERGE,Footer ABOUT Column,true,,25,421908414552,How to Exercise Your CCPA Rights,MERGE,PAGE,83970424920,how-to-exercise-your-ccpa-rights,,/pages/how-to-exercise-your-ccpa-rights,,,8
182036299864,men,MERGE,[eHs] Main Menu - Men,,true,26,421993971800,FEATURED,MERGE,HTTP,,,,#,,,1
182036299864,men,MERGE,[eHs] Main Menu - Men,,,27,421994004568,New Arrivals for Men,MERGE,HTTP,,,,#,421993971800,FEATURED,1
182036299864,men,MERGE,[eHs] Main Menu - Men,,,28,421994037336,Men's Hydration Gear,MERGE,HTTP,,,,#,421993971800,FEATURED,2
182036299864,men,MERGE,[eHs] Main Menu - Men,,,29,421994070104,Men's Apparel,MERGE,HTTP,,,,#,421993971800,FEATURED,3
182036299864,men,MERGE,[eHs] Main Menu - Men,,,30,421994102872,TOPS,MERGE,HTTP,,,,#,,,2
182036299864,men,MERGE,[eHs] Main Menu - Men,,,31,421994135640,Shop All Tops,MERGE,HTTP,,,,#,421994102872,TOPS,1
182036299864,men,MERGE,[eHs] Main Menu - Men,,,32,421994168408,Tanks,MERGE,HTTP,,,,#,421994102872,TOPS,2
182036299864,men,MERGE,[eHs] Main Menu - Men,,,33,421994201176,Short Sleeves,MERGE,HTTP,,,,#,421994102872,TOPS,3
182036299864,men,MERGE,[eHs] Main Menu - Men,,,34,421994233944,Long Sleeves,MERGE,HTTP,,,,#,421994102872,TOPS,4
182036299864,men,MERGE,[eHs] Main Menu - Men,,,35,421994266712,Hoodies & Jackets,MERGE,HTTP,,,,#,421994102872,TOPS,5
182036299864,men,MERGE,[eHs] Main Menu - Men,,,36,421994299480,BOTTOMS,MERGE,HTTP,,,,#,,,3
182036299864,men,MERGE,[eHs] Main Menu - Men,,,37,421994332248,Shop All Bottoms,MERGE,HTTP,,,,#,421994299480,BOTTOMS,1
182036299864,men,MERGE,[eHs] Main Menu - Men,,,38,421994365016,Shorts,MERGE,HTTP,,,,#,421994299480,BOTTOMS,2
182036299864,men,MERGE,[eHs] Main Menu - Men,,,39,421994397784,Joggers,MERGE,HTTP,,,,#,421994299480,BOTTOMS,3
179569426520,footer-3,MERGE,Footer BOTTOM,,true,40,412083617880,Privacy Policy,MERGE,PAGE,24041226328,privacy-policy,,/pages/privacy-policy,,,1
179569426520,footer-3,MERGE,Footer BOTTOM,,,41,412083650648,Terms of Use,MERGE,PAGE,24042995800,terms,,/pages/terms,,,2
179569426520,footer-3,MERGE,Footer BOTTOM,,,42,412083683416,SB657,MERGE,PAGE,48186753112,california-transparency-in-supply-chain-act-disclosure-statement-sb-657,,/pages/california-transparency-in-supply-chain-act-disclosure-statement-sb-657,,,3
179569426520,footer-3,MERGE,Footer BOTTOM,,,43,414585749592,California Proposition 65,MERGE,HTTP,,,,https://www.nathansports.com/pages/proposition-65-warning,,,4
182036758616,footer-copyright-menu,MERGE, Footer - Copyright Menu,,true,44,421996003416,Privacy Policy,MERGE,PAGE,24041226328,privacy-policy,,/pages/privacy-policy,,,1
182036758616,footer-copyright-menu,MERGE, Footer - Copyright Menu,,,45,421996036184,Terms of Use,MERGE,PAGE,24042995800,terms,,/pages/terms,,,2
182036758616,footer-copyright-menu,MERGE, Footer - Copyright Menu,,,46,421996068952,SB657,MERGE,PAGE,48186753112,california-transparency-in-supply-chain-act-disclosure-statement-sb-657,,/pages/california-transparency-in-supply-chain-act-disclosure-statement-sb-657,,,3
182036758616,footer-copyright-menu,MERGE, Footer - Copyright Menu,,,47,421996101720,California Proposition 65,MERGE,PAGE,81173512280,proposition-65-warning,,/pages/proposition-65-warning,,,4
182036791384,footer-menu-connect,MERGE, Footer Menu - Connect,,true,48,441587794008,Contact Us,MERGE,PAGE,89090359384,contact,,/pages/contact,,,1
182036791384,footer-menu-connect,MERGE, Footer Menu - Connect,,,49,421996134488,Store Locator,MERGE,HTTP,,,,https://www.nathansports.com/pages/store-locator,,,2
182036791384,footer-menu-connect,MERGE, Footer Menu - Connect,,,50,433947869272,Affiliates,MERGE,PAGE,80815915096,affiliate,,/pages/affiliate,,,3
182036562008,safety-gear,MERGE, Main Menu - Safety & Gear,,true,51,421995020376,GEAR,MERGE,COLLECTION,107842994264,running-gear,,/collections/running-gear,,,1
182036562008,safety-gear,MERGE, Main Menu - Safety & Gear,,,52,421995610200,Running Gloves,MERGE,COLLECTION,263090962520,running-gloves,,/collections/running-gloves,421995020376,GEAR,1
182036562008,safety-gear,MERGE, Main Menu - Safety & Gear,,,53,421995642968,Hats & Headwear,MERGE,COLLECTION,175704965208,running-hats-and-headwear,,/collections/running-hats-and-headwear,421995020376,GEAR,2
182036562008,safety-gear,MERGE, Main Menu - Safety & Gear,,,54,421995708504,Run Laces,MERGE,COLLECTION,262609535064,run-laces,,/collections/run-laces,421995020376,GEAR,3
182036562008,safety-gear,MERGE, Main Menu - Safety & Gear,,,55,421995741272,Detergent,MERGE,PRODUCT,8409376227416,power-wash-performance-detergent-32oz,,/products/power-wash-performance-detergent-32oz,421995020376,GEAR,4
182039314520,ehs-test-gct-nav,MERGE,[eHs Test] GCT Nav,,true,56,422010945624,Customer Service,MERGE,FRONTPAGE,,,,/,,,1
182039314520,ehs-test-gct-nav,MERGE,[eHs Test] GCT Nav,,,57,422010978392,Shipping,MERGE,FRONTPAGE,,,,/,,,2
182039314520,ehs-test-gct-nav,MERGE,[eHs Test] GCT Nav,,,58,422011011160,Returns & Exchanges,MERGE,FRONTPAGE,,,,/,,,3
182039314520,ehs-test-gct-nav,MERGE,[eHs Test] GCT Nav,,,59,422011043928,Pro Purchase Program,MERGE,FRONTPAGE,,,,/,,,4
182039314520,ehs-test-gct-nav,MERGE,[eHs Test] GCT Nav,,,60,422011076696,Warranty,MERGE,FRONTPAGE,,,,/,,,5
182039314520,ehs-test-gct-nav,MERGE,[eHs Test] GCT Nav,,,61,422011109464,Frequently Asked Questions,MERGE,FRONTPAGE,,,,/,,,6
182036234328,hydration,MERGE, Main Menu - Hydration,,true,62,421993742424,FEATURED,MERGE,HTTP,,,,#,,,1
182036234328,hydration,MERGE, Main Menu - Hydration,,,63,433945018456,New Arrivals,MERGE,COLLECTION,268446629976,hydration-new-arrivals,,/collections/hydration-new-arrivals,421993742424,FEATURED,1
182036234328,hydration,MERGE, Main Menu - Hydration,,,64,433945083992,Women's Hydration,MERGE,COLLECTION,264690597976,womens-hydration-gear,,/collections/womens-hydration-gear,421993742424,FEATURED,2
182036234328,hydration,MERGE, Main Menu - Hydration,,,65,514650013784,Men's Hydration,MERGE,HTTP,,,,https://www.nathansports.com/collections/mens-hydration-gear-accessories,421993742424,FEATURED,3
182036234328,hydration,MERGE, Main Menu - Hydration,,,66,526061568088,Vests & Packs,MERGE,COLLECTION,262617628760,hydration-vests-and-packs,,/collections/hydration-vests-and-packs,421993742424,FEATURED,4
182036234328,hydration,MERGE, Main Menu - Hydration,,,67,526061666392,Hydration Belts,MERGE,COLLECTION,262611370072,hydration-belts,,/collections/hydration-belts,421993742424,FEATURED,5
182036234328,hydration,MERGE, Main Menu - Hydration,,,68,526061600856,Handheld Bottles,MERGE,COLLECTION,262609764440,handheld-bottles,,/collections/handheld-bottles,421993742424,FEATURED,6
182036234328,hydration,MERGE, Main Menu - Hydration,,,69,526061699160,"Bladders, Bottles & Flasks",MERGE,COLLECTION,262609797208,water-bottles-flasks,,/collections/water-bottles-flasks,421993742424,FEATURED,7
182036234328,hydration,MERGE, Main Menu - Hydration,,,70,461245055064,ACTIVITY,MERGE,HTTP,,,,#,,,2
182036234328,hydration,MERGE, Main Menu - Hydration,,,71,461245087832,Road Running,MERGE,COLLECTION,272919429208,road-running,,/collections/road-running,461245055064,ACTIVITY,1
182036234328,hydration,MERGE, Main Menu - Hydration,,,72,461245120600,Trail Running,MERGE,COLLECTION,272919396440,trail-running,,/collections/trail-running,461245055064,ACTIVITY,2
182036234328,hydration,MERGE, Main Menu - Hydration,,,73,461245153368,Hiking,MERGE,COLLECTION,272919461976,hiking,,/collections/hiking,461245055064,ACTIVITY,3
182036824152,footer-menu-about,MERGE, Footer Menu - About,,true,74,421996429400,Who We Are,MERGE,PAGE,24040833112,about-nathan-sports,,/pages/about-nathan-sports,,,1
182036824152,footer-menu-about,MERGE, Footer Menu - About,,,75,422036734040,NS+ Rewards Program,MERGE,PAGE,81625645144,rewards,,/pages/rewards,,,2
182036824152,footer-menu-about,MERGE, Footer Menu - About,,,76,421996494936,Product 101,MERGE,PAGE,80465952856,product-101,,/pages/product-101,,,3
182036824152,footer-menu-about,MERGE, Footer Menu - About,,,77,421996527704,Shop Digital Gift Cards,MERGE,HTTP,,,,https://www.nathansports.com/products/nathan-digital-gift-card,,,4
182036824152,footer-menu-about,MERGE, Footer Menu - About,,,78,421996593240,Blog,MERGE,BLOG,24779259992,posts,,/blogs/posts,,,5
182036824152,footer-menu-about,MERGE, Footer Menu - About,,,79,421996626008,Buzzworthy News,MERGE,PAGE,79855157336,thebuzz,,/pages/thebuzz,,,6
186705903704,footer-menu-faqs,MERGE, Footer Menu - FAQs,,true,80,433947639896,Shipping Policy,MERGE,PAGE,24041259096,shipping-policy,,/pages/shipping-policy,,,1
186705903704,footer-menu-faqs,MERGE, Footer Menu - FAQs,,,81,433947672664,Returns & Exchanges,MERGE,PAGE,24041291864,returns-exchanges,,/pages/returns-exchanges,,,2
186705903704,footer-menu-faqs,MERGE, Footer Menu - FAQs,,,82,433947705432,Satisfaction Gurantee,MERGE,PAGE,84258422872,satisfaction-guarantee,,/pages/satisfaction-guarantee,,,3
186705903704,footer-menu-faqs,MERGE, Footer Menu - FAQs,,,83,433947770968,Salute Our Heroes Discount,MERGE,PAGE,51347521624,salute-our-heroes,,/pages/salute-our-heroes,,,4
186705903704,footer-menu-faqs,MERGE, Footer Menu - FAQs,,,84,433947803736,Accessibility,MERGE,PAGE,83707527256,accessibility-statement,,/pages/accessibility-statement,,,5
186705903704,footer-menu-faqs,MERGE, Footer Menu - FAQs,,,85,433947836504,CCPA Rights,MERGE,PAGE,83970424920,how-to-exercise-your-ccpa-rights,,/pages/how-to-exercise-your-ccpa-rights,,,6
196041539672,hydration-test,MERGE,[eHs] Hydration ,,true,86,456794210392,Featured,MERGE,FRONTPAGE,,,,/,,,1
196041539672,hydration-test,MERGE,[eHs] Hydration ,,,87,456794243160,New Arrivals,MERGE,COLLECTION,276922433624,new-arrivals,,/collections/new-arrivals,456794210392,Featured,1
196041539672,hydration-test,MERGE,[eHs] Hydration ,,,88,456794275928,Best Sellers,MERGE,COLLECTION,267511627864,best-sellers,,/collections/best-sellers,456794210392,Featured,2
196041539672,hydration-test,MERGE,[eHs] Hydration ,,,89,456794308696,Sale,MERGE,COLLECTION,107843125336,sale,,/collections/sale,456794210392,Featured,3
196041539672,hydration-test,MERGE,[eHs] Hydration ,,,90,456794341464,Activity,MERGE,FRONTPAGE,,,,/,,,2
196041539672,hydration-test,MERGE,[eHs] Hydration ,,,91,456794374232,Road Running,MERGE,COLLECTION,272919429208,road-running,,/collections/road-running,456794341464,Activity,1
196041539672,hydration-test,MERGE,[eHs] Hydration ,,,92,456794407000,Trail Running,MERGE,COLLECTION,272919396440,trail-running,,/collections/trail-running,456794341464,Activity,2
196041539672,hydration-test,MERGE,[eHs] Hydration ,,,93,456794439768,Hiking,MERGE,COLLECTION,272919461976,hiking,,/collections/hiking,456794341464,Activity,3
196045766744,ehs-featured,MERGE,[eHs] Featured,,true,94,456804401240,New Arrivals,MERGE,COLLECTION,276922433624,new-arrivals,,/collections/new-arrivals,,,1
196045766744,ehs-featured,MERGE,[eHs] Featured,,,95,456804434008,Best Sellers,MERGE,COLLECTION,267511627864,best-sellers,,/collections/best-sellers,,,2
196045766744,ehs-featured,MERGE,[eHs] Featured,,,96,456804466776,Sale,MERGE,COLLECTION,107843125336,sale,,/collections/sale,,,3
186705739864,storage,MERGE,Main Menu - Storage,,true,97,433946493016,Running Belts,MERGE,COLLECTION,262609272920,running-belts,,/collections/running-belts,,,1
186705739864,storage,MERGE,Main Menu - Storage,,,98,433946525784,Arm Bands,MERGE,COLLECTION,262609305688,arm-bands,,/collections/arm-bands,,,2
186705739864,storage,MERGE,Main Menu - Storage,,,99,433946558552,Vests & Packs,MERGE,COLLECTION,262617628760,hydration-vests-and-packs,,/collections/hydration-vests-and-packs,,,3
186705739864,storage,MERGE,Main Menu - Storage,,,100,433946591320,Sale,MERGE,COLLECTION,268451774552,storage-sale,,/collections/storage-sale,,,4
199765393496,customer-account-main-menu,MERGE,Customer account main menu,true,true,101,493065928792,Shop,MERGE,FRONTPAGE,,,,/,,,1
199765393496,customer-account-main-menu,MERGE,Customer account main menu,true,,102,482500313176,Orders,MERGE,CUSTOMER_ACCOUNT_PAGE,47508947032,orders,,https://shopify.com/5962530904/account/orders,,,2
186705477720,apparel,MERGE, Main Menu - Apparel,,true,103,433945378904,MEN,MERGE,COLLECTION,260487741528,mens-apparel,,/collections/mens-apparel,,,1
186705477720,apparel,MERGE, Main Menu - Apparel,,,104,433945739352,Jackets & Vests,MERGE,COLLECTION,260487446616,mens-jackets-vests,,/collections/mens-jackets-vests,433945378904,MEN,1
186705477720,apparel,MERGE, Main Menu - Apparel,,,105,433945772120,Shorts,MERGE,COLLECTION,260487479384,mens-shorts,,/collections/mens-shorts,433945378904,MEN,2
186705477720,apparel,MERGE, Main Menu - Apparel,,,106,433945411672,WOMEN,MERGE,HTTP,,,,https://nathansports.com/collections/womens-apparel-clearance,,,2
186705477720,apparel,MERGE, Main Menu - Apparel,,,107,433946001496,Jackets & Vests,MERGE,COLLECTION,260486922328,womens-jackets-vests,,/collections/womens-jackets-vests,433945411672,WOMEN,1
186705477720,apparel,MERGE, Main Menu - Apparel,,,108,433946034264,Shorts,MERGE,COLLECTION,260486955096,womens-shorts,,/collections/womens-shorts,433945411672,WOMEN,2
186705477720,apparel,MERGE, Main Menu - Apparel,,,109,433945903192,Tanks,MERGE,COLLECTION,260486889560,womens-tanks,,/collections/womens-tanks,433945411672,WOMEN,3
186705477720,apparel,MERGE, Main Menu - Apparel,,,110,433945935960,Short Sleeves,MERGE,COLLECTION,260487282776,womens-short-sleeves,,/collections/womens-short-sleeves,433945411672,WOMEN,4
215618945112,mobile-menu-2025,MERGE,Mobile Menu 2025-NEW,,true,111,549621137496,FEATURED,MERGE,HTTP,,,,#,,,1
215618945112,mobile-menu-2025,MERGE,Mobile Menu 2025-NEW,,,112,549621170264,New Arrivals,MERGE,COLLECTION,276922433624,new-arrivals,,/collections/new-arrivals,549621137496,FEATURED,1
215618945112,mobile-menu-2025,MERGE,Mobile Menu 2025-NEW,,,113,549621203032,Best Sellers,MERGE,COLLECTION,267511627864,best-sellers,,/collections/best-sellers,549621137496,FEATURED,2
215618945112,mobile-menu-2025,MERGE,Mobile Menu 2025-NEW,,,114,515356754008,Road Running Collection,MERGE,COLLECTION,272919429208,road-running,,/collections/road-running,549621137496,FEATURED,3
215618945112,mobile-menu-2025,MERGE,Mobile Menu 2025-NEW,,,115,515356786776,Trail Running Collection,MERGE,COLLECTION,272919396440,trail-running,,/collections/trail-running,549621137496,FEATURED,4
215618945112,mobile-menu-2025,MERGE,Mobile Menu 2025-NEW,,,116,550758678616,Performance Detergent,MERGE,PRODUCT,8409376227416,power-wash-performance-detergent-32oz,,/products/power-wash-performance-detergent-32oz,549621137496,FEATURED,5
215618945112,mobile-menu-2025,MERGE,Mobile Menu 2025-NEW,,,117,549621235800,Digital Gift Cards,MERGE,PRODUCT,7318985605208,nathan-digital-gift-card,,/products/nathan-digital-gift-card,549621137496,FEATURED,6
215618945112,mobile-menu-2025,MERGE,Mobile Menu 2025-NEW,,,118,549621268568,Explore NS+ Rewards,MERGE,HTTP,,,,https://nathansports.com/pages/rewards,549621137496,FEATURED,7
215618945112,mobile-menu-2025,MERGE,Mobile Menu 2025-NEW,,,119,550758711384,SHOP ALL,MERGE,COLLECTION,137261351000,all,,/collections/all,549621137496,FEATURED,8
215618945112,mobile-menu-2025,MERGE,Mobile Menu 2025-NEW,,,120,515355181144,HYDRATION,MERGE,COLLECTION,107842961496,hydration,,/collections/hydration,,,2
215618945112,mobile-menu-2025,MERGE,Mobile Menu 2025-NEW,,,121,515355344984,Vests & Packs,MERGE,COLLECTION,262617628760,hydration-vests-and-packs,,/collections/hydration-vests-and-packs,515355181144,HYDRATION,1
215618945112,mobile-menu-2025,MERGE,Mobile Menu 2025-NEW,,,122,515355410520,Handheld Bottles,MERGE,COLLECTION,262609764440,handheld-bottles,,/collections/handheld-bottles,515355181144,HYDRATION,2
215618945112,mobile-menu-2025,MERGE,Mobile Menu 2025-NEW,,,123,515355443288,"Bladders, Bottles & Flasks",MERGE,COLLECTION,262609797208,water-bottles-flasks,,/collections/water-bottles-flasks,515355181144,HYDRATION,3
215618945112,mobile-menu-2025,MERGE,Mobile Menu 2025-NEW,,,124,515355377752,Hydration Belts,MERGE,COLLECTION,262611370072,hydration-belts,,/collections/hydration-belts,515355181144,HYDRATION,4
215618945112,mobile-menu-2025,MERGE,Mobile Menu 2025-NEW,,,125,515356622936,Women's Hydration,MERGE,COLLECTION,264690597976,womens-hydration-gear,,/collections/womens-hydration-gear,515355181144,HYDRATION,5
215618945112,mobile-menu-2025,MERGE,Mobile Menu 2025-NEW,,,126,515356655704,Men's Hydration,MERGE,COLLECTION,264691286104,mens-hydration-gear-accessories,,/collections/mens-hydration-gear-accessories,515355181144,HYDRATION,6
215618945112,mobile-menu-2025,MERGE,Mobile Menu 2025-NEW,,,127,549629952088,SHOP ALL HYDRATION,MERGE,COLLECTION,107842961496,hydration,,/collections/hydration,515355181144,HYDRATION,7
215618945112,mobile-menu-2025,MERGE,Mobile Menu 2025-NEW,,,128,515355213912,STORAGE,MERGE,COLLECTION,176719855704,storage-gear,,/collections/storage-gear,,,3
215618945112,mobile-menu-2025,MERGE,Mobile Menu 2025-NEW,,,129,515355508824,Running Belts,MERGE,COLLECTION,262609272920,running-belts,,/collections/running-belts,515355213912,STORAGE,1
215618945112,mobile-menu-2025,MERGE,Mobile Menu 2025-NEW,,,130,515355541592,Arm Bands,MERGE,COLLECTION,262609305688,arm-bands,,/collections/arm-bands,515355213912,STORAGE,2
215618945112,mobile-menu-2025,MERGE,Mobile Menu 2025-NEW,,,131,515355574360,Packs,MERGE,COLLECTION,262617628760,hydration-vests-and-packs,,/collections/hydration-vests-and-packs,515355213912,STORAGE,3
215618945112,mobile-menu-2025,MERGE,Mobile Menu 2025-NEW,,,132,549629984856,SHOP ALL STORAGE,MERGE,COLLECTION,176719855704,storage-gear,,/collections/storage-gear,515355213912,STORAGE,4
215618945112,mobile-menu-2025,MERGE,Mobile Menu 2025-NEW,,,133,515355279448,APPAREL,MERGE,COLLECTION,260488200280,apparel,,/collections/apparel,,,4
215618945112,mobile-menu-2025,MERGE,Mobile Menu 2025-NEW,,,134,515355738200,MEN'S RUNNING APPAREL,MERGE,COLLECTION,260487741528,mens-apparel,,/collections/mens-apparel,515355279448,APPAREL,1
215618945112,mobile-menu-2025,MERGE,Mobile Menu 2025-NEW,,,135,549618548824,Jackets,MERGE,COLLECTION,260487446616,mens-jackets-vests,,/collections/mens-jackets-vests,515355738200,MEN'S RUNNING APPAREL,1
215618945112,mobile-menu-2025,MERGE,Mobile Menu 2025-NEW,,,136,549618581592,Shorts,MERGE,COLLECTION,260487479384,mens-shorts,,/collections/mens-shorts,515355738200,MEN'S RUNNING APPAREL,2
215618945112,mobile-menu-2025,MERGE,Mobile Menu 2025-NEW,,,137,550759071832,SHOP ALL MEN,MERGE,COLLECTION,260487741528,mens-apparel,,/collections/mens-apparel,515355738200,MEN'S RUNNING APPAREL,3
215618945112,mobile-menu-2025,MERGE,Mobile Menu 2025-NEW,,,138,515355770968,WOMEN'S RUNNING APPAREL,MERGE,HTTP,,,,https://nathansports.com/collections/womens-apparel-clearance,515355279448,APPAREL,2
215618945112,mobile-menu-2025,MERGE,Mobile Menu 2025-NEW,,,139,549618417752,Jackets,MERGE,COLLECTION,260486922328,womens-jackets-vests,,/collections/womens-jackets-vests,515355770968,WOMEN'S RUNNING APPAREL,1
215618945112,mobile-menu-2025,MERGE,Mobile Menu 2025-NEW,,,140,549618450520,Shorts,MERGE,COLLECTION,260486955096,womens-shorts,,/collections/womens-shorts,515355770968,WOMEN'S RUNNING APPAREL,2
215618945112,mobile-menu-2025,MERGE,Mobile Menu 2025-NEW,,,141,549618483288,Tops,MERGE,HTTP,,,,https://nathansports.com/collections/womens-tops,515355770968,WOMEN'S RUNNING APPAREL,3
215618945112,mobile-menu-2025,MERGE,Mobile Menu 2025-NEW,,,142,550759104600,SHOP ALL WOMEN,MERGE,COLLECTION,260488167512,womens-apparel,,/collections/womens-apparel,515355770968,WOMEN'S RUNNING APPAREL,4
215618945112,mobile-menu-2025,MERGE,Mobile Menu 2025-NEW,,,143,515355246680,SAFETY & GEAR,MERGE,COLLECTION,268451512408,running-safety-gear,,/collections/running-safety-gear,,,5
215618945112,mobile-menu-2025,MERGE,Mobile Menu 2025-NEW,,,144,550759137368,SAFETY,MERGE,COLLECTION,268451512408,running-safety-gear,,/collections/running-safety-gear,515355246680,SAFETY & GEAR,1
215618945112,mobile-menu-2025,MERGE,Mobile Menu 2025-NEW,,,145,515355607128,Running Lights,MERGE,COLLECTION,268451577944,running-lights,,/collections/running-lights,550759137368,SAFETY,1
215618945112,mobile-menu-2025,MERGE,Mobile Menu 2025-NEW,,,146,515355639896,Reflective,MERGE,COLLECTION,262609502296,reflective,,/collections/reflective,550759137368,SAFETY,2
215618945112,mobile-menu-2025,MERGE,Mobile Menu 2025-NEW,,,147,515355672664,Alarms & Sirens,MERGE,COLLECTION,262609338456,alarms,,/collections/alarms,550759137368,SAFETY,3
215618945112,mobile-menu-2025,MERGE,Mobile Menu 2025-NEW,,,148,549630017624,SHOP ALL RUNNING SAFETY & VISIBILITY,MERGE,COLLECTION,268451512408,running-safety-gear,,/collections/running-safety-gear,550759137368,SAFETY,4
215618945112,mobile-menu-2025,MERGE,Mobile Menu 2025-NEW,,,149,550127009880,GEAR,MERGE,COLLECTION,107842994264,running-gear,,/collections/running-gear,515355246680,SAFETY & GEAR,2
215618945112,mobile-menu-2025,MERGE,Mobile Menu 2025-NEW,,,150,515356262488,Running Gloves,MERGE,COLLECTION,263090962520,running-gloves,,/collections/running-gloves,550127009880,GEAR,1
215618945112,mobile-menu-2025,MERGE,Mobile Menu 2025-NEW,,,151,515356295256,Hats & Headwear,MERGE,COLLECTION,175704965208,running-hats-and-headwear,,/collections/running-hats-and-headwear,550127009880,GEAR,2
215618945112,mobile-menu-2025,MERGE,Mobile Menu 2025-NEW,,,152,515356328024,Run Laces,MERGE,COLLECTION,262609535064,run-laces,,/collections/run-laces,550127009880,GEAR,3
215618945112,mobile-menu-2025,MERGE,Mobile Menu 2025-NEW,,,153,550127239256,SHOP ALL RUNNING GEAR,MERGE,COLLECTION,107842994264,running-gear,,/collections/running-gear,550127009880,GEAR,4
215618945112,mobile-menu-2025,MERGE,Mobile Menu 2025-NEW,,,154,515355312216,CLEARANCE,MERGE,COLLECTION,107843125336,sale,,/collections/sale,,,6
217247481944,mobile-menu-2026,MERGE,Mobile Menu 2025,,true,155,519390986328,STORAGE,MERGE,COLLECTION,176719855704,storage-gear,,/collections/storage-gear,,,1
217247481944,mobile-menu-2026,MERGE,Mobile Menu 2025,,,156,519391707224,Running Belts,MERGE,COLLECTION,262609272920,running-belts,,/collections/running-belts,519390986328,STORAGE,1
217247481944,mobile-menu-2026,MERGE,Mobile Menu 2025,,,157,519391739992,Arm Bands,MERGE,COLLECTION,262609305688,arm-bands,,/collections/arm-bands,519390986328,STORAGE,2
217247481944,mobile-menu-2026,MERGE,Mobile Menu 2025,,,158,519391772760,Packs,MERGE,COLLECTION,262617628760,hydration-vests-and-packs,,/collections/hydration-vests-and-packs,519390986328,STORAGE,3
217247481944,mobile-menu-2026,MERGE,Mobile Menu 2025,,,159,519390953560,HYDRATION,MERGE,COLLECTION,107842961496,hydration,,/collections/hydration,,,2
217247481944,mobile-menu-2026,MERGE,Mobile Menu 2025,,,160,519391117400,Vests & Packs,MERGE,COLLECTION,262617628760,hydration-vests-and-packs,,/collections/hydration-vests-and-packs,519390953560,HYDRATION,1
217247481944,mobile-menu-2026,MERGE,Mobile Menu 2025,,,161,519391150168,Hydration Belts,MERGE,COLLECTION,262611370072,hydration-belts,,/collections/hydration-belts,519390953560,HYDRATION,2
217247481944,mobile-menu-2026,MERGE,Mobile Menu 2025,,,162,519391182936,Handheld Bottles,MERGE,COLLECTION,262609764440,handheld-bottles,,/collections/handheld-bottles,519390953560,HYDRATION,3
217247481944,mobile-menu-2026,MERGE,Mobile Menu 2025,,,163,519391215704,"Bladders, Bottles & Flasks",MERGE,COLLECTION,262609797208,water-bottles-flasks,,/collections/water-bottles-flasks,519390953560,HYDRATION,4
217247481944,mobile-menu-2026,MERGE,Mobile Menu 2025,,,164,519391674456,New Arrivals,MERGE,COLLECTION,268446629976,hydration-new-arrivals,,/collections/hydration-new-arrivals,519390953560,HYDRATION,5
217247481944,mobile-menu-2026,MERGE,Mobile Menu 2025,,,165,519391248472,FEATURED,MERGE,HTTP,,,,#,519390953560,HYDRATION,6
217247481944,mobile-menu-2026,MERGE,Mobile Menu 2025,,,166,519391281240,Best Sellers,MERGE,COLLECTION,268451283032,hydration-best-sellers,,/collections/hydration-best-sellers,519391248472,FEATURED,1
217247481944,mobile-menu-2026,MERGE,Mobile Menu 2025,,,167,519391314008,Women's Hydration,MERGE,COLLECTION,264690597976,womens-hydration-gear,,/collections/womens-hydration-gear,519391248472,FEATURED,2
217247481944,mobile-menu-2026,MERGE,Mobile Menu 2025,,,168,519391346776,Men's Hydration,MERGE,COLLECTION,264691286104,mens-hydration-gear-accessories,,/collections/mens-hydration-gear-accessories,519391248472,FEATURED,3
217247481944,mobile-menu-2026,MERGE,Mobile Menu 2025,,,169,519391379544,SALE,MERGE,COLLECTION,263589560408,hydration-sale,,/collections/hydration-sale,519391248472,FEATURED,4
217247481944,mobile-menu-2026,MERGE,Mobile Menu 2025,,,170,519391543384,ACTIVITY,MERGE,HTTP,,,,#,519390953560,HYDRATION,7
217247481944,mobile-menu-2026,MERGE,Mobile Menu 2025,,,171,519391576152,Road Running,MERGE,COLLECTION,272919429208,road-running,,/collections/road-running,519391543384,ACTIVITY,1
217247481944,mobile-menu-2026,MERGE,Mobile Menu 2025,,,172,519391608920,Trail Running,MERGE,COLLECTION,272919396440,trail-running,,/collections/trail-running,519391543384,ACTIVITY,2
217247481944,mobile-menu-2026,MERGE,Mobile Menu 2025,,,173,519391641688,Hiking,MERGE,COLLECTION,272919461976,hiking,,/collections/hiking,519391543384,ACTIVITY,3
217247481944,mobile-menu-2026,MERGE,Mobile Menu 2025,,,174,519391019096,SAFETY & GEAR,MERGE,COLLECTION,268451512408,running-safety-gear,,/collections/running-safety-gear,,,3
217247481944,mobile-menu-2026,MERGE,Mobile Menu 2025,,,175,519391871064,SAFETY,MERGE,COLLECTION,107843092568,safety-gear,,/collections/safety-gear,519391019096,SAFETY & GEAR,1
217247481944,mobile-menu-2026,MERGE,Mobile Menu 2025,,,176,519391936600,Running Lights,MERGE,COLLECTION,268451577944,running-lights,,/collections/running-lights,519391871064,SAFETY,1
217247481944,mobile-menu-2026,MERGE,Mobile Menu 2025,,,177,519391969368,Reflective Gear,MERGE,COLLECTION,262609502296,reflective,,/collections/reflective,519391871064,SAFETY,2
217247481944,mobile-menu-2026,MERGE,Mobile Menu 2025,,,178,519392002136,Alarms & Sirens,MERGE,COLLECTION,262609338456,alarms,,/collections/alarms,519391871064,SAFETY,3
217247481944,mobile-menu-2026,MERGE,Mobile Menu 2025,,,179,519392034904,Running Gear,MERGE,COLLECTION,262701023320,running-essentials,,/collections/running-essentials,519391871064,SAFETY,4
217247481944,mobile-menu-2026,MERGE,Mobile Menu 2025,,,180,519392067672,New Safety Arrivals,MERGE,COLLECTION,286456643672,new-visibility-gear,,/collections/new-visibility-gear,519391871064,SAFETY,5
217247481944,mobile-menu-2026,MERGE,Mobile Menu 2025,,,181,519391903832,GEAR,MERGE,HTTP,,,,#,519391019096,SAFETY & GEAR,2
217247481944,mobile-menu-2026,MERGE,Mobile Menu 2025,,,182,519392133208,Running Gloves,MERGE,COLLECTION,263090962520,running-gloves,,/collections/running-gloves,519391903832,GEAR,1
217247481944,mobile-menu-2026,MERGE,Mobile Menu 2025,,,183,519392100440,Hats & Headwear,MERGE,COLLECTION,175704965208,running-hats-and-headwear,,/collections/running-hats-and-headwear,519391903832,GEAR,2
217247481944,mobile-menu-2026,MERGE,Mobile Menu 2025,,,184,519392165976,Run Laces,MERGE,COLLECTION,262609535064,run-laces,,/collections/run-laces,519391903832,GEAR,3
217247481944,mobile-menu-2026,MERGE,Mobile Menu 2025,,,185,519392198744,Socks,MERGE,COLLECTION,174461517912,running-socks,,/collections/running-socks,519391903832,GEAR,4
217247481944,mobile-menu-2026,MERGE,Mobile Menu 2025,,,186,519392231512,Detergent,MERGE,PRODUCT,8409376227416,power-wash-performance-detergent-32oz,,/products/power-wash-performance-detergent-32oz,519391903832,GEAR,5
217247481944,mobile-menu-2026,MERGE,Mobile Menu 2025,,,187,519391051864,APPAREL,MERGE,COLLECTION,260488200280,apparel,,/collections/apparel,,,4
217247481944,mobile-menu-2026,MERGE,Mobile Menu 2025,,,188,519391805528,MEN,MERGE,COLLECTION,260487741528,mens-apparel,,/collections/mens-apparel,519391051864,APPAREL,1
217247481944,mobile-menu-2026,MERGE,Mobile Menu 2025,,,189,519391838296,WOMEN,MERGE,COLLECTION,260488167512,womens-apparel,,/collections/womens-apparel,519391051864,APPAREL,2
217247481944,mobile-menu-2026,MERGE,Mobile Menu 2025,,,190,519391084632,SALE,MERGE,COLLECTION,107843125336,sale,,/collections/sale,,,5
120970149976,meganav-main-menu,MERGE,MegaNav Main Menu,,true,191,284148301912,HYDRATION,MERGE,COLLECTION,107842961496,hydration,,/collections/hydration,,,1
120970149976,meganav-main-menu,MERGE,MegaNav Main Menu,,,192,421917818968,FEATURED,MERGE,COLLECTION,107842961496,hydration,,/collections/hydration,284148301912,HYDRATION,1
120970149976,meganav-main-menu,MERGE,MegaNav Main Menu,,,193,412089811032,Vests & Packs,MERGE,COLLECTION,262617628760,hydration-vests-and-packs,,/collections/hydration-vests-and-packs,421917818968,FEATURED,1
120970149976,meganav-main-menu,MERGE,MegaNav Main Menu,,,194,412089843800,Hydration Belts,MERGE,COLLECTION,262611370072,hydration-belts,,/collections/hydration-belts,421917818968,FEATURED,2
120970149976,meganav-main-menu,MERGE,MegaNav Main Menu,,,195,412089876568,Handheld Bottles,MERGE,COLLECTION,262609764440,handheld-bottles,,/collections/handheld-bottles,421917818968,FEATURED,3
120970149976,meganav-main-menu,MERGE,MegaNav Main Menu,,,196,412089942104,Bottles & Flasks,MERGE,COLLECTION,262609797208,water-bottles-flasks,,/collections/water-bottles-flasks,421917818968,FEATURED,4
120970149976,meganav-main-menu,MERGE,MegaNav Main Menu,,,197,412090007640,Replacement Parts,MERGE,COLLECTION,262609862744,bladders-and-replacements,,/collections/bladders-and-replacements,421917818968,FEATURED,5
120970149976,meganav-main-menu,MERGE,MegaNav Main Menu,,,198,283991703640,MEN,MERGE,COLLECTION,260487839832,shop-mens,,/collections/shop-mens,,,2
120970149976,meganav-main-menu,MERGE,MegaNav Main Menu,,,199,412090040408,FEATURED,MERGE,COLLECTION,260487839832,shop-mens,,/collections/shop-mens,283991703640,MEN,1
120970149976,meganav-main-menu,MERGE,MegaNav Main Menu,,,200,412090204248,New Arrivals,MERGE,COLLECTION,260488101976,mens-new-releases,,/collections/mens-new-releases,412090040408,FEATURED,1
120970149976,meganav-main-menu,MERGE,MegaNav Main Menu,,,201,414166777944,Hydration,MERGE,COLLECTION,264691286104,mens-hydration-gear-accessories,,/collections/mens-hydration-gear-accessories,412090040408,FEATURED,2
120970149976,meganav-main-menu,MERGE,MegaNav Main Menu,,,202,412090171480,Apparel,MERGE,COLLECTION,260487741528,mens-apparel,,/collections/mens-apparel,412090040408,FEATURED,3
120970149976,meganav-main-menu,MERGE,MegaNav Main Menu,,,203,412090073176,TOPS,MERGE,COLLECTION,260487708760,mens-tops,,/collections/mens-tops,283991703640,MEN,2
120970149976,meganav-main-menu,MERGE,MegaNav Main Menu,,,204,415476449368,Tanks,MERGE,COLLECTION,263836368984,mens-tanks,,/collections/mens-tanks,412090073176,TOPS,1
120970149976,meganav-main-menu,MERGE,MegaNav Main Menu,,,205,412090335320,Short Sleeves,MERGE,COLLECTION,260488003672,mens-short-sleeves,,/collections/mens-short-sleeves,412090073176,TOPS,2
120970149976,meganav-main-menu,MERGE,MegaNav Main Menu,,,206,412090368088,Long Sleeves,MERGE,COLLECTION,260487381080,mens-long-sleeves,,/collections/mens-long-sleeves,412090073176,TOPS,3
120970149976,meganav-main-menu,MERGE,MegaNav Main Menu,,,207,412090400856,Hoodies & Jackets,MERGE,COLLECTION,260487446616,mens-jackets-vests,,/collections/mens-jackets-vests,412090073176,TOPS,4
120970149976,meganav-main-menu,MERGE,MegaNav Main Menu,,,208,412090105944,BOTTOMS,MERGE,COLLECTION,260487610456,mens-bottoms,,/collections/mens-bottoms,283991703640,MEN,3
120970149976,meganav-main-menu,MERGE,MegaNav Main Menu,,,209,412090433624,Shorts,MERGE,COLLECTION,260487479384,mens-shorts,,/collections/mens-shorts,412090105944,BOTTOMS,1
120970149976,meganav-main-menu,MERGE,MegaNav Main Menu,,,210,412090466392,Joggers,MERGE,COLLECTION,260487675992,mens-joggers,,/collections/mens-joggers,412090105944,BOTTOMS,2
120970149976,meganav-main-menu,MERGE,MegaNav Main Menu,,,211,283991670872,WOMEN,MERGE,COLLECTION,260487151704,shop-womens,,/collections/shop-womens,,,3
120970149976,meganav-main-menu,MERGE,MegaNav Main Menu,,,212,412089090136,FEATURED,MERGE,COLLECTION,260487151704,shop-womens,,/collections/shop-womens,283991670872,WOMEN,1
120970149976,meganav-main-menu,MERGE,MegaNav Main Menu,,,213,412089155672,New Arrivals,MERGE,COLLECTION,260487250008,womens-new-releases,,/collections/womens-new-releases,412089090136,FEATURED,1
120970149976,meganav-main-menu,MERGE,MegaNav Main Menu,,,214,414166745176,Hydration,MERGE,COLLECTION,264690597976,womens-hydration-gear,,/collections/womens-hydration-gear,412089090136,FEATURED,2
120970149976,meganav-main-menu,MERGE,MegaNav Main Menu,,,215,412089122904,Apparel,MERGE,COLLECTION,260488167512,womens-apparel,,/collections/womens-apparel,412089090136,FEATURED,3
120970149976,meganav-main-menu,MERGE,MegaNav Main Menu,,,216,412089286744,TOPS,MERGE,COLLECTION,260487577688,womens-tops,,/collections/womens-tops,283991670872,WOMEN,2
120970149976,meganav-main-menu,MERGE,MegaNav Main Menu,,,217,412089385048,Tanks,MERGE,COLLECTION,260486889560,womens-tanks,,/collections/womens-tanks,412089286744,TOPS,1
120970149976,meganav-main-menu,MERGE,MegaNav Main Menu,,,218,412089417816,Short Sleeves,MERGE,COLLECTION,260487282776,womens-short-sleeves,,/collections/womens-short-sleeves,412089286744,TOPS,2
120970149976,meganav-main-menu,MERGE,MegaNav Main Menu,,,219,412089450584,Long Sleeves,MERGE,COLLECTION,260487053400,womens-long-sleeves,,/collections/womens-long-sleeves,412089286744,TOPS,3
120970149976,meganav-main-menu,MERGE,MegaNav Main Menu,,,220,412089483352,Hoodies & Jackets,MERGE,COLLECTION,260486922328,womens-jackets-vests,,/collections/womens-jackets-vests,412089286744,TOPS,4
120970149976,meganav-main-menu,MERGE,MegaNav Main Menu,,,221,412089319512,BOTTOMS,MERGE,COLLECTION,260487086168,womens-bottoms,,/collections/womens-bottoms,283991670872,WOMEN,3
120970149976,meganav-main-menu,MERGE,MegaNav Main Menu,,,222,412089516120,Shorts,MERGE,COLLECTION,260486955096,womens-shorts,,/collections/womens-shorts,412089319512,BOTTOMS,1
120970149976,meganav-main-menu,MERGE,MegaNav Main Menu,,,223,412089581656,Joggers,MERGE,COLLECTION,260486987864,womens-joggers,,/collections/womens-joggers,412089319512,BOTTOMS,2
120970149976,meganav-main-menu,MERGE,MegaNav Main Menu,,,224,418277294168,Tights,MERGE,COLLECTION,260487020632,womens-tights-joggers,,/collections/womens-tights-joggers,412089319512,BOTTOMS,3
120970149976,meganav-main-menu,MERGE,MegaNav Main Menu,,,225,283991736408,RUNNING ESSENTIALS,MERGE,COLLECTION,262701023320,running-essentials,,/collections/running-essentials,,,4
120970149976,meganav-main-menu,MERGE,MegaNav Main Menu,,,226,412090695768,Hydration,MERGE,COLLECTION,107842961496,hydration,,/collections/hydration,283991736408,RUNNING ESSENTIALS,1
120970149976,meganav-main-menu,MERGE,MegaNav Main Menu,,,227,412090859608,Vests & Packs,MERGE,COLLECTION,262617628760,hydration-vests-and-packs,,/collections/hydration-vests-and-packs,412090695768,Hydration,1
120970149976,meganav-main-menu,MERGE,MegaNav Main Menu,,,228,412090892376,Hydration Belts,MERGE,COLLECTION,262611370072,hydration-belts,,/collections/hydration-belts,412090695768,Hydration,2
120970149976,meganav-main-menu,MERGE,MegaNav Main Menu,,,229,412090925144,Handheld Bottles,MERGE,COLLECTION,262609764440,handheld-bottles,,/collections/handheld-bottles,412090695768,Hydration,3
120970149976,meganav-main-menu,MERGE,MegaNav Main Menu,,,230,412090990680,Bottles & Flasks,MERGE,COLLECTION,262609797208,water-bottles-flasks,,/collections/water-bottles-flasks,412090695768,Hydration,4
120970149976,meganav-main-menu,MERGE,MegaNav Main Menu,,,231,412091023448,Replacement Parts,MERGE,COLLECTION,262609862744,bladders-and-replacements,,/collections/bladders-and-replacements,412090695768,Hydration,5
120970149976,meganav-main-menu,MERGE,MegaNav Main Menu,,,232,412090728536,Storage,MERGE,COLLECTION,176719855704,storage-gear,,/collections/storage-gear,283991736408,RUNNING ESSENTIALS,2
120970149976,meganav-main-menu,MERGE,MegaNav Main Menu,,,233,412091220056,Running Belts,MERGE,COLLECTION,262609272920,running-belts,,/collections/running-belts,412090728536,Storage,1
120970149976,meganav-main-menu,MERGE,MegaNav Main Menu,,,234,412091252824,Arm Bands,MERGE,COLLECTION,262609305688,arm-bands,,/collections/arm-bands,412090728536,Storage,2
120970149976,meganav-main-menu,MERGE,MegaNav Main Menu,,,235,412090761304,Safety,MERGE,COLLECTION,107843092568,safety-gear,,/collections/safety-gear,283991736408,RUNNING ESSENTIALS,3
120970149976,meganav-main-menu,MERGE,MegaNav Main Menu,,,236,412091940952,Alarms,MERGE,COLLECTION,262609338456,alarms,,/collections/alarms,412090761304,Safety,1
120970149976,meganav-main-menu,MERGE,MegaNav Main Menu,,,237,412092006488,Headlamps,MERGE,COLLECTION,262609403992,headlamps,,/collections/headlamps,412090761304,Safety,2
120970149976,meganav-main-menu,MERGE,MegaNav Main Menu,,,238,412092039256,Flashlights,MERGE,COLLECTION,262609436760,flashlights,,/collections/flashlights,412090761304,Safety,3
120970149976,meganav-main-menu,MERGE,MegaNav Main Menu,,,239,412092072024,Wearable Lights,MERGE,COLLECTION,262609469528,wearable-lights,,/collections/wearable-lights,412090761304,Safety,4
120970149976,meganav-main-menu,MERGE,MegaNav Main Menu,,,240,412092104792,Reflective,MERGE,COLLECTION,262609502296,reflective,,/collections/reflective,412090761304,Safety,5
120970149976,meganav-main-menu,MERGE,MegaNav Main Menu,,,241,412090794072,Gear,MERGE,COLLECTION,107842994264,running-gear,,/collections/running-gear,283991736408,RUNNING ESSENTIALS,4
120970149976,meganav-main-menu,MERGE,MegaNav Main Menu,,,242,414201118808,Sunglasses,MERGE,COLLECTION,262717309016,running-sunglasses,,/collections/running-sunglasses,412090794072,Gear,1
120970149976,meganav-main-menu,MERGE,MegaNav Main Menu,,,243,414584045656,Gloves,MERGE,COLLECTION,263090962520,running-gloves,,/collections/running-gloves,412090794072,Gear,2
120970149976,meganav-main-menu,MERGE,MegaNav Main Menu,,,244,412091744344,Hats & Headwear,MERGE,COLLECTION,175704965208,running-hats-and-headwear,,/collections/running-hats-and-headwear,412090794072,Gear,3
120970149976,meganav-main-menu,MERGE,MegaNav Main Menu,,,245,412091777112,Socks,MERGE,COLLECTION,174461517912,running-socks,,/collections/running-socks,412090794072,Gear,4
120970149976,meganav-main-menu,MERGE,MegaNav Main Menu,,,246,412091809880,Run Laces,MERGE,COLLECTION,262609535064,run-laces,,/collections/run-laces,412090794072,Gear,5
120970149976,meganav-main-menu,MERGE,MegaNav Main Menu,,,247,412091842648,Odor Eliminators,MERGE,COLLECTION,262609567832,odor-eliminators,,/collections/odor-eliminators,412090794072,Gear,6
120970149976,meganav-main-menu,MERGE,MegaNav Main Menu,,,248,412091875416,Detergent,MERGE,COLLECTION,262609600600,detergent,,/collections/detergent,412090794072,Gear,7
120970149976,meganav-main-menu,MERGE,MegaNav Main Menu,,,249,412091908184,Dog Accessories,MERGE,COLLECTION,262609633368,dog-accessories,,/collections/dog-accessories,412090794072,Gear,8
120970149976,meganav-main-menu,MERGE,MegaNav Main Menu,,,250,415122325592,SALE,MERGE,COLLECTION,107843125336,sale,,/collections/sale,,,5
120970149976,meganav-main-menu,MERGE,MegaNav Main Menu,,,251,415122391128,Men's Apparel,MERGE,COLLECTION,263589363800,mens-apparel-clearance,,/collections/mens-apparel-clearance,415122325592,SALE,1
120970149976,meganav-main-menu,MERGE,MegaNav Main Menu,,,252,415122358360,Women's Apparel,MERGE,COLLECTION,263589068888,womens-apparel-clearance,,/collections/womens-apparel-clearance,415122325592,SALE,2
120970149976,meganav-main-menu,MERGE,MegaNav Main Menu,,,253,415122423896,Hydration,MERGE,COLLECTION,263589560408,hydration-sale,,/collections/hydration-sale,415122325592,SALE,3
120970149976,meganav-main-menu,MERGE,MegaNav Main Menu,,,254,415122456664,Running Essentials,MERGE,COLLECTION,263589625944,running-essentials-clearance,,/collections/running-essentials-clearance,415122325592,SALE,4
120970149976,meganav-main-menu,MERGE,MegaNav Main Menu,,,255,415122489432,Gear,MERGE,COLLECTION,263589658712,running-gear-clearance,,/collections/running-gear-clearance,415122325592,SALE,5
